ISO-10303-21;
HEADER;
FILE_DESCRIPTION(('STEP AP203'),
    '1');
FILE_NAME('Крепление для нагревателя',
    '',
    ('UNSPECIFIED'),
    ('UNSPECIFIED'),
    'C3D Converter',
    'C3D Toolkit',
    '');
FILE_SCHEMA(('CONFIG_CONTROL_DESIGN'));
ENDSEC;

DATA;
#1=PRODUCT_DEFINITION('','UNSPECIFIED',#28,#31);
#2=SHAPE_DEFINITION_REPRESENTATION(#26,#3);
#3=SHAPE_REPRESENTATION('NONE',(#4),#8);
#4=AXIS2_PLACEMENT_3D('',#5,#6,#7);
#5=CARTESIAN_POINT('',(0.,0.,0.));
#6=DIRECTION('',(0.,0.,1.));
#7=DIRECTION('',(1.,0.,0.));
#8=(GEOMETRIC_REPRESENTATION_CONTEXT(3)GLOBAL_UNCERTAINTY_ASSIGNED_CONTEXT((#10))
GLOBAL_UNIT_ASSIGNED_CONTEXT((#9,#11,#12))REPRESENTATION_CONTEXT('NONE','NONE'));
#9=(LENGTH_UNIT()NAMED_UNIT(*)SI_UNIT(.MILLI.,.METRE.));
#10=UNCERTAINTY_MEASURE_WITH_UNIT(LENGTH_MEASURE(1.E-5),#9,'NONE','NONE');
#11=(NAMED_UNIT(*)PLANE_ANGLE_UNIT()SI_UNIT($,.RADIAN.));
#12=(NAMED_UNIT(*)SI_UNIT($,.STERADIAN.)SOLID_ANGLE_UNIT());
#13=MANIFOLD_SOLID_BREP('',#14);
#14=CLOSED_SHELL('',(#53,#54,#55,#56,#57,#58,#59,#60,#61,#62,#63,#64,#65,#66,#67,
#68,#69,#70,#71,#72,#73,#74,#75,#76,#77,#78,#79,#80,#81,#82,#83,#84,#85,#86,#87,
#88,#89,#90,#91,#92,#93,#94,#95,#96,#97,#98,#99,#100,#101,#102,#103,#104,#105,#106,
#107,#108,#109,#110,#111,#112,#113,#114,#115,#116,#117,#118,#119,#120,#121,#122,
#123,#124,#125,#126,#127,#128,#129,#130,#131,#132,#133,#134,#135,#136,#137,#138,
#139,#140,#141,#142,#143));
#15=COLOUR_RGB('',0.,0.2,0.4);
#16=FILL_AREA_STYLE_COLOUR('',#15);
#17=FILL_AREA_STYLE($,(#16));
#18=SURFACE_STYLE_FILL_AREA(#17);
#19=SURFACE_SIDE_STYLE('',(#18));
#20=SURFACE_STYLE_USAGE(.BOTH.,#19);
#21=PRESENTATION_STYLE_ASSIGNMENT((#20));
#22=MECHANICAL_DESIGN_GEOMETRIC_PRESENTATION_REPRESENTATION('NONE',(#23),#8);
#23=STYLED_ITEM('',(#21),#13);
#24=ADVANCED_BREP_SHAPE_REPRESENTATION('NONE',(#13),#8);
#25=SHAPE_REPRESENTATION_RELATIONSHIP('','',#3,#24);
#26=PRODUCT_DEFINITION_SHAPE('NONE','NONE',#1);
#27=MECHANICAL_CONTEXT('NONE',#32,'mechanical');
#28=PRODUCT_DEFINITION_FORMATION_WITH_SPECIFIED_SOURCE('ANY','UNSPECIFIED',#29,.NOT_KNOWN.);
#29=PRODUCT('','\X2\0414043504420430043B044C\X0\','NONE',(#27));
#30=PRODUCT_RELATED_PRODUCT_CATEGORY('detail','',(#29));
#31=DESIGN_CONTEXT('detailed design',#32,'design');
#32=APPLICATION_CONTEXT('configuration controlled 3d designs of mechanical parts and assemblies');
#33=APPLICATION_PROTOCOL_DEFINITION('international standard','config_control_design',
1994,#32);
#34=CC_DESIGN_DATE_AND_TIME_ASSIGNMENT(#35,#39,(#1));
#35=DATE_AND_TIME(#36,#37);
#36=CALENDAR_DATE(0,1,1);
#37=LOCAL_TIME(0,0,0.,#38);
#38=COORDINATED_UNIVERSAL_TIME_OFFSET(0,0,.AHEAD.);
#39=DATE_TIME_ROLE('creation_date');
#40=CC_DESIGN_APPROVAL(#41,(#1));
#41=APPROVAL(#42,'UNSPECIFIED');
#42=APPROVAL_STATUS('not_yet_approved');
#43=APPROVAL_DATE_TIME(#44,#41);
#44=DATE_AND_TIME(#45,#46);
#45=CALENDAR_DATE(0,1,1);
#46=LOCAL_TIME(0,0,0.,#47);
#47=COORDINATED_UNIVERSAL_TIME_OFFSET(0,0,.AHEAD.);
#48=PERSON('UNSPECIFIED','SEVER','UNSPECIFIED',('UNSPECIFIED'),('UNSPECIFIED'),(
'UNSPECIFIED'));
#49=ORGANIZATION('UNSPECIFIED','UNSPECIFIED','UNSPECIFIED');
#50=PERSON_AND_ORGANIZATION(#48,#49);
#51=PERSON_AND_ORGANIZATION_ROLE('creator');
#52=CC_DESIGN_PERSON_AND_ORGANIZATION_ASSIGNMENT(#50,#51,(#28,#1));
#53=ADVANCED_FACE('',(#144,#146),#148,.F.);
#54=ADVANCED_FACE('',(#153),#155,.F.);
#55=ADVANCED_FACE('',(#160),#162,.F.);
#56=ADVANCED_FACE('',(#167),#169,.F.);
#57=ADVANCED_FACE('',(#174),#176,.F.);
#58=ADVANCED_FACE('',(#181,#183,#185,#187,#189),#191,.T.);
#59=ADVANCED_FACE('',(#196),#198,.F.);
#60=ADVANCED_FACE('',(#203),#205,.T.);
#61=ADVANCED_FACE('',(#210),#212,.F.);
#62=ADVANCED_FACE('',(#217),#219,.T.);
#63=ADVANCED_FACE('',(#224),#226,.F.);
#64=ADVANCED_FACE('',(#231),#233,.F.);
#65=ADVANCED_FACE('',(#238),#240,.F.);
#66=ADVANCED_FACE('',(#245),#247,.F.);
#67=ADVANCED_FACE('',(#252),#254,.T.);
#68=ADVANCED_FACE('',(#259),#261,.T.);
#69=ADVANCED_FACE('',(#266),#268,.T.);
#70=ADVANCED_FACE('',(#273),#275,.T.);
#71=ADVANCED_FACE('',(#280),#282,.T.);
#72=ADVANCED_FACE('',(#287),#289,.T.);
#73=ADVANCED_FACE('',(#294),#296,.T.);
#74=ADVANCED_FACE('',(#301),#303,.T.);
#75=ADVANCED_FACE('',(#308),#310,.F.);
#76=ADVANCED_FACE('',(#315),#317,.F.);
#77=ADVANCED_FACE('',(#322),#324,.F.);
#78=ADVANCED_FACE('',(#329,#331),#333,.F.);
#79=ADVANCED_FACE('',(#338,#340),#342,.F.);
#80=ADVANCED_FACE('',(#347,#349),#351,.F.);
#81=ADVANCED_FACE('',(#356,#358),#360,.F.);
#82=ADVANCED_FACE('',(#365),#367,.T.);
#83=ADVANCED_FACE('',(#372),#374,.F.);
#84=ADVANCED_FACE('',(#379),#381,.F.);
#85=ADVANCED_FACE('',(#386),#388,.T.);
#86=ADVANCED_FACE('',(#393),#395,.T.);
#87=ADVANCED_FACE('',(#400),#402,.F.);
#88=ADVANCED_FACE('',(#407),#409,.T.);
#89=ADVANCED_FACE('',(#414),#416,.F.);
#90=ADVANCED_FACE('',(#421),#423,.T.);
#91=ADVANCED_FACE('',(#428),#430,.F.);
#92=ADVANCED_FACE('',(#435),#437,.T.);
#93=ADVANCED_FACE('',(#442),#444,.T.);
#94=ADVANCED_FACE('',(#449),#451,.T.);
#95=ADVANCED_FACE('',(#456),#458,.T.);
#96=ADVANCED_FACE('',(#463),#465,.F.);
#97=ADVANCED_FACE('',(#517),#519,.T.);
#98=ADVANCED_FACE('',(#524),#526,.T.);
#99=ADVANCED_FACE('',(#531),#533,.T.);
#100=ADVANCED_FACE('',(#538),#540,.T.);
#101=ADVANCED_FACE('',(#545),#547,.T.);
#102=ADVANCED_FACE('',(#552),#554,.F.);
#103=ADVANCED_FACE('',(#606),#608,.T.);
#104=ADVANCED_FACE('',(#613),#615,.T.);
#105=ADVANCED_FACE('',(#620,#622,#624),#626,.F.);
#106=ADVANCED_FACE('',(#631,#633,#635),#637,.F.);
#107=ADVANCED_FACE('',(#642,#644),#646,.T.);
#108=ADVANCED_FACE('',(#651,#653),#655,.F.);
#109=ADVANCED_FACE('',(#660,#662),#664,.F.);
#110=ADVANCED_FACE('',(#669,#671),#673,.F.);
#111=ADVANCED_FACE('',(#678,#680,#682,#684,#686,#688),#690,.F.);
#112=ADVANCED_FACE('',(#695),#697,.T.);
#113=ADVANCED_FACE('',(#734,#736),#738,.T.);
#114=ADVANCED_FACE('',(#743),#745,.T.);
#115=ADVANCED_FACE('',(#803,#805),#807,.T.);
#116=ADVANCED_FACE('',(#812),#814,.T.);
#117=ADVANCED_FACE('',(#851,#853),#855,.T.);
#118=ADVANCED_FACE('',(#860),#862,.T.);
#119=ADVANCED_FACE('',(#899,#901),#903,.T.);
#120=ADVANCED_FACE('',(#908),#910,.T.);
#121=ADVANCED_FACE('',(#915),#917,.T.);
#122=ADVANCED_FACE('',(#922),#924,.T.);
#123=ADVANCED_FACE('',(#929),#931,.T.);
#124=ADVANCED_FACE('',(#936),#938,.T.);
#125=ADVANCED_FACE('',(#943),#945,.T.);
#126=ADVANCED_FACE('',(#950),#952,.T.);
#127=ADVANCED_FACE('',(#957),#959,.T.);
#128=ADVANCED_FACE('',(#964,#966),#968,.F.);
#129=ADVANCED_FACE('',(#973,#975),#977,.F.);
#130=ADVANCED_FACE('',(#982,#984),#986,.F.);
#131=ADVANCED_FACE('',(#991,#993),#995,.F.);
#132=ADVANCED_FACE('',(#1000),#1002,.T.);
#133=ADVANCED_FACE('',(#1007),#1009,.T.);
#134=ADVANCED_FACE('',(#1014),#1016,.T.);
#135=ADVANCED_FACE('',(#1021),#1023,.T.);
#136=ADVANCED_FACE('',(#1028),#1030,.T.);
#137=ADVANCED_FACE('',(#1035),#1037,.T.);
#138=ADVANCED_FACE('',(#1042),#1044,.T.);
#139=ADVANCED_FACE('',(#1049),#1051,.T.);
#140=ADVANCED_FACE('',(#1056),#1058,.T.);
#141=ADVANCED_FACE('',(#1063),#1065,.T.);
#142=ADVANCED_FACE('',(#1070),#1072,.T.);
#143=ADVANCED_FACE('',(#1077),#1079,.T.);
#144=FACE_BOUND('',#145,.T.);
#145=EDGE_LOOP('',(#1084,#1085,#1086,#1087));
#146=FACE_BOUND('',#147,.T.);
#147=EDGE_LOOP('',(#1088,#1089,#1090,#1091));
#148=PLANE('',#149);
#149=AXIS2_PLACEMENT_3D('',#150,#151,#152);
#150=CARTESIAN_POINT('',(35.75,-25.,25.));
#151=DIRECTION('',(1.,0.,0.));
#152=DIRECTION('',(0.,1.,0.));
#153=FACE_BOUND('',#154,.T.);
#154=EDGE_LOOP('',(#1092,#1093,#1094,#1095));
#155=PLANE('',#156);
#156=AXIS2_PLACEMENT_3D('',#157,#158,#159);
#157=CARTESIAN_POINT('',(37.25,14.,49.));
#158=DIRECTION('',(0.,1.,-9.86864910777917E-17));
#159=DIRECTION('',(0.,-9.86864910777917E-17,-1.));
#160=FACE_BOUND('',#161,.T.);
#161=EDGE_LOOP('',(#1096,#1097,#1098,#1099));
#162=PLANE('',#163);
#163=AXIS2_PLACEMENT_3D('',#164,#165,#166);
#164=CARTESIAN_POINT('',(37.25,-14.,49.));
#165=DIRECTION('',(0.,0.,1.));
#166=DIRECTION('',(0.,1.,0.));
#167=FACE_BOUND('',#168,.T.);
#168=EDGE_LOOP('',(#1100,#1101,#1102,#1103));
#169=PLANE('',#170);
#170=AXIS2_PLACEMENT_3D('',#171,#172,#173);
#171=CARTESIAN_POINT('',(37.25,-14.,31.));
#172=DIRECTION('',(0.,-1.,9.86864910777917E-17));
#173=DIRECTION('',(0.,9.86864910777917E-17,1.));
#174=FACE_BOUND('',#175,.T.);
#175=EDGE_LOOP('',(#1104,#1105,#1106,#1107));
#176=PLANE('',#177);
#177=AXIS2_PLACEMENT_3D('',#178,#179,#180);
#178=CARTESIAN_POINT('',(37.25,14.,31.));
#179=DIRECTION('',(0.,0.,-1.));
#180=DIRECTION('',(0.,-1.,0.));
#181=FACE_BOUND('',#182,.T.);
#182=EDGE_LOOP('',(#1108,#1109,#1110,#1111,#1112,#1113,#1114,#1115,#1116,#1117,#1118,
#1119,#1120,#1121,#1122,#1123,#1124,#1125,#1126,#1127));
#183=FACE_BOUND('',#184,.T.);
#184=EDGE_LOOP('',(#1128));
#185=FACE_BOUND('',#186,.T.);
#186=EDGE_LOOP('',(#1129));
#187=FACE_BOUND('',#188,.T.);
#188=EDGE_LOOP('',(#1130));
#189=FACE_BOUND('',#190,.T.);
#190=EDGE_LOOP('',(#1131));
#191=PLANE('',#192);
#192=AXIS2_PLACEMENT_3D('',#193,#194,#195);
#193=CARTESIAN_POINT('',(0.,0.,55.));
#194=DIRECTION('',(0.,0.,1.));
#195=DIRECTION('',(6.12323399573677E-17,1.,0.));
#196=FACE_BOUND('',#197,.T.);
#197=EDGE_LOOP('',(#1132,#1133,#1134,#1135,#1136,#1137));
#198=PLANE('',#199);
#199=AXIS2_PLACEMENT_3D('',#200,#201,#202);
#200=CARTESIAN_POINT('',(35.75,25.,25.));
#201=DIRECTION('',(3.15796771448933E-16,1.,0.));
#202=DIRECTION('',(-1.,3.15796771448933E-16,0.));
#203=FACE_BOUND('',#204,.T.);
#204=EDGE_LOOP('',(#1138,#1139,#1140,#1141));
#205=PLANE('',#206);
#206=AXIS2_PLACEMENT_3D('',#207,#208,#209);
#207=CARTESIAN_POINT('',(0.,0.,26.));
#208=DIRECTION('',(0.,0.,1.));
#209=DIRECTION('',(6.12323399573677E-17,1.,0.));
#210=FACE_BOUND('',#211,.T.);
#211=EDGE_LOOP('',(#1142,#1143,#1144,#1145,#1146,#1147));
#212=PLANE('',#213);
#213=AXIS2_PLACEMENT_3D('',#214,#215,#216);
#214=CARTESIAN_POINT('',(24.5,-25.,25.));
#215=DIRECTION('',(-3.15796771448934E-16,-1.,0.));
#216=DIRECTION('',(1.,-3.15796771448934E-16,0.));
#217=FACE_BOUND('',#218,.T.);
#218=EDGE_LOOP('',(#1148,#1149,#1150,#1151));
#219=PLANE('',#220);
#220=AXIS2_PLACEMENT_3D('',#221,#222,#223);
#221=CARTESIAN_POINT('',(37.25,0.,0.));
#222=DIRECTION('',(-1.,0.,0.));
#223=DIRECTION('',(0.,1.,-6.12323399573677E-17));
#224=FACE_BOUND('',#225,.T.);
#225=EDGE_LOOP('',(#1152,#1153,#1154,#1155));
#226=PLANE('',#227);
#227=AXIS2_PLACEMENT_3D('',#228,#229,#230);
#228=CARTESIAN_POINT('',(32.75,-27.05,20.));
#229=DIRECTION('',(1.,0.,0.));
#230=DIRECTION('',(0.,1.,0.));
#231=FACE_BOUND('',#232,.T.);
#232=EDGE_LOOP('',(#1156,#1157,#1158,#1159));
#233=PLANE('',#234);
#234=AXIS2_PLACEMENT_3D('',#235,#236,#237);
#235=CARTESIAN_POINT('',(-32.75,-27.05,20.));
#236=DIRECTION('',(-1.08479806986275E-16,-1.,0.));
#237=DIRECTION('',(1.,-1.08479806986275E-16,0.));
#238=FACE_BOUND('',#239,.T.);
#239=EDGE_LOOP('',(#1160,#1161,#1162,#1163,#1164,#1165,#1166,#1167,#1168,#1169,#1170,
#1171,#1172,#1173,#1174,#1175));
#240=PLANE('',#241);
#241=AXIS2_PLACEMENT_3D('',#242,#243,#244);
#242=CARTESIAN_POINT('',(-32.75,27.05,20.));
#243=DIRECTION('',(-1.,0.,0.));
#244=DIRECTION('',(0.,-1.,0.));
#245=FACE_BOUND('',#246,.T.);
#246=EDGE_LOOP('',(#1176,#1177,#1178,#1179));
#247=PLANE('',#248);
#248=AXIS2_PLACEMENT_3D('',#249,#250,#251);
#249=CARTESIAN_POINT('',(-47.75,-15.05,34.5));
#250=DIRECTION('',(-8.88178419700125E-17,-1.,0.));
#251=DIRECTION('',(1.,-8.88178419700125E-17,0.));
#252=FACE_BOUND('',#253,.T.);
#253=EDGE_LOOP('',(#1180,#1181,#1182,#1183,#1184,#1185,#1186,#1187,#1188,#1189,#1190,
#1191,#1192,#1193,#1194,#1195));
#254=PLANE('',#255);
#255=AXIS2_PLACEMENT_3D('',#256,#257,#258);
#256=CARTESIAN_POINT('',(-40.75,35.05,20.));
#257=DIRECTION('',(-1.,0.,0.));
#258=DIRECTION('',(0.,-1.,0.));
#259=FACE_BOUND('',#260,.T.);
#260=EDGE_LOOP('',(#1196,#1197,#1198,#1199));
#261=CYLINDRICAL_SURFACE('',#262,4.);
#262=AXIS2_PLACEMENT_3D('',#263,#264,#265);
#263=CARTESIAN_POINT('',(-36.75,-31.05,6.));
#264=DIRECTION('',(0.,0.,-1.));
#265=DIRECTION('',(0.,-1.,0.));
#266=FACE_BOUND('',#267,.T.);
#267=EDGE_LOOP('',(#1200,#1201,#1202,#1203,#1204,#1205));
#268=PLANE('',#269);
#269=AXIS2_PLACEMENT_3D('',#270,#271,#272);
#270=CARTESIAN_POINT('',(-40.75,-35.05,20.));
#271=DIRECTION('',(0.,-1.,0.));
#272=DIRECTION('',(1.,0.,0.));
#273=FACE_BOUND('',#274,.T.);
#274=EDGE_LOOP('',(#1206,#1207,#1208,#1209));
#275=CYLINDRICAL_SURFACE('',#276,4.);
#276=AXIS2_PLACEMENT_3D('',#277,#278,#279);
#277=CARTESIAN_POINT('',(36.75,-31.05,6.));
#278=DIRECTION('',(0.,0.,-1.));
#279=DIRECTION('',(1.,0.,0.));
#280=FACE_BOUND('',#281,.T.);
#281=EDGE_LOOP('',(#1210,#1211,#1212,#1213));
#282=PLANE('',#283);
#283=AXIS2_PLACEMENT_3D('',#284,#285,#286);
#284=CARTESIAN_POINT('',(40.75,-35.05,20.));
#285=DIRECTION('',(1.,0.,0.));
#286=DIRECTION('',(0.,1.,0.));
#287=FACE_BOUND('',#288,.T.);
#288=EDGE_LOOP('',(#1214,#1215,#1216,#1217));
#289=CYLINDRICAL_SURFACE('',#290,4.);
#290=AXIS2_PLACEMENT_3D('',#291,#292,#293);
#291=CARTESIAN_POINT('',(36.75,31.05,6.));
#292=DIRECTION('',(0.,0.,-1.));
#293=DIRECTION('',(0.,1.,0.));
#294=FACE_BOUND('',#295,.T.);
#295=EDGE_LOOP('',(#1218,#1219,#1220,#1221,#1222,#1223));
#296=PLANE('',#297);
#297=AXIS2_PLACEMENT_3D('',#298,#299,#300);
#298=CARTESIAN_POINT('',(40.75,35.05,20.));
#299=DIRECTION('',(0.,1.,0.));
#300=DIRECTION('',(-1.,0.,0.));
#301=FACE_BOUND('',#302,.T.);
#302=EDGE_LOOP('',(#1224,#1225,#1226,#1227));
#303=CYLINDRICAL_SURFACE('',#304,4.);
#304=AXIS2_PLACEMENT_3D('',#305,#306,#307);
#305=CARTESIAN_POINT('',(-36.75,31.05,6.));
#306=DIRECTION('',(0.,0.,-1.));
#307=DIRECTION('',(-1.,0.,0.));
#308=FACE_BOUND('',#309,.T.);
#309=EDGE_LOOP('',(#1228,#1229,#1230,#1231));
#310=PLANE('',#311);
#311=AXIS2_PLACEMENT_3D('',#312,#313,#314);
#312=CARTESIAN_POINT('',(-27.75,15.05,34.5));
#313=DIRECTION('',(8.88178419700125E-17,1.,0.));
#314=DIRECTION('',(-1.,8.88178419700125E-17,0.));
#315=FACE_BOUND('',#316,.T.);
#316=EDGE_LOOP('',(#1232,#1233,#1234,#1235));
#317=PLANE('',#318);
#318=AXIS2_PLACEMENT_3D('',#319,#320,#321);
#319=CARTESIAN_POINT('',(32.75,27.05,20.));
#320=DIRECTION('',(1.08479806986275E-16,1.,0.));
#321=DIRECTION('',(-1.,1.08479806986275E-16,0.));
#322=FACE_BOUND('',#323,.T.);
#323=EDGE_LOOP('',(#1236,#1237,#1238,#1239));
#324=PLANE('',#325);
#325=AXIS2_PLACEMENT_3D('',#326,#327,#328);
#326=CARTESIAN_POINT('',(32.75,-27.05,20.));
#327=DIRECTION('',(1.,0.,0.));
#328=DIRECTION('',(0.,1.,0.));
#329=FACE_OUTER_BOUND('',#330,.T.);
#330=EDGE_LOOP('',(#1240));
#331=FACE_OUTER_BOUND('',#332,.T.);
#332=EDGE_LOOP('',(#1241));
#333=CYLINDRICAL_SURFACE('',#334,2.1);
#334=AXIS2_PLACEMENT_3D('',#335,#336,#337);
#335=CARTESIAN_POINT('',(35.75,-30.05,20.));
#336=DIRECTION('',(0.,0.,1.));
#337=DIRECTION('',(6.12323399573677E-17,1.,0.));
#338=FACE_OUTER_BOUND('',#339,.T.);
#339=EDGE_LOOP('',(#1242));
#340=FACE_OUTER_BOUND('',#341,.T.);
#341=EDGE_LOOP('',(#1243));
#342=CYLINDRICAL_SURFACE('',#343,2.1);
#343=AXIS2_PLACEMENT_3D('',#344,#345,#346);
#344=CARTESIAN_POINT('',(-35.75,-30.05,20.));
#345=DIRECTION('',(0.,0.,1.));
#346=DIRECTION('',(6.12323399573677E-17,1.,0.));
#347=FACE_OUTER_BOUND('',#348,.T.);
#348=EDGE_LOOP('',(#1244));
#349=FACE_OUTER_BOUND('',#350,.T.);
#350=EDGE_LOOP('',(#1245));
#351=CYLINDRICAL_SURFACE('',#352,2.1);
#352=AXIS2_PLACEMENT_3D('',#353,#354,#355);
#353=CARTESIAN_POINT('',(35.75,30.05,20.));
#354=DIRECTION('',(0.,0.,1.));
#355=DIRECTION('',(6.12323399573677E-17,1.,0.));
#356=FACE_OUTER_BOUND('',#357,.T.);
#357=EDGE_LOOP('',(#1246));
#358=FACE_OUTER_BOUND('',#359,.T.);
#359=EDGE_LOOP('',(#1247));
#360=CYLINDRICAL_SURFACE('',#361,2.1);
#361=AXIS2_PLACEMENT_3D('',#362,#363,#364);
#362=CARTESIAN_POINT('',(-35.75,30.05,20.));
#363=DIRECTION('',(0.,0.,1.));
#364=DIRECTION('',(6.12323399573677E-17,1.,0.));
#365=FACE_BOUND('',#366,.T.);
#366=EDGE_LOOP('',(#1248,#1249,#1250,#1251,#1252,#1253,#1254,#1255,#1256,#1257,#1258));
#367=PLANE('',#368);
#368=AXIS2_PLACEMENT_3D('',#369,#370,#371);
#369=CARTESIAN_POINT('',(0.,0.,27.));
#370=DIRECTION('',(0.,0.,1.));
#371=DIRECTION('',(6.12323399573677E-17,1.,0.));
#372=FACE_BOUND('',#373,.T.);
#373=EDGE_LOOP('',(#1259,#1260,#1261,#1262,#1263));
#374=PLANE('',#375);
#375=AXIS2_PLACEMENT_3D('',#376,#377,#378);
#376=CARTESIAN_POINT('',(24.5,25.,25.));
#377=DIRECTION('',(-1.,-7.105427357601E-17,0.));
#378=DIRECTION('',(7.105427357601E-17,-1.,0.));
#379=FACE_BOUND('',#380,.T.);
#380=EDGE_LOOP('',(#1264,#1265,#1266,#1267));
#381=PLANE('',#382);
#382=AXIS2_PLACEMENT_3D('',#383,#384,#385);
#383=CARTESIAN_POINT('',(-27.75,-9.05,34.5));
#384=DIRECTION('',(8.88178419700125E-17,1.,0.));
#385=DIRECTION('',(-1.,8.88178419700125E-17,0.));
#386=FACE_BOUND('',#387,.T.);
#387=EDGE_LOOP('',(#1268,#1269,#1270,#1271));
#388=PLANE('',#389);
#389=AXIS2_PLACEMENT_3D('',#390,#391,#392);
#390=CARTESIAN_POINT('',(0.,0.,34.5));
#391=DIRECTION('',(0.,0.,1.));
#392=DIRECTION('',(6.12323399573677E-17,1.,0.));
#393=FACE_BOUND('',#394,.T.);
#394=EDGE_LOOP('',(#1272,#1273,#1274,#1275));
#395=PLANE('',#396);
#396=AXIS2_PLACEMENT_3D('',#397,#398,#399);
#397=CARTESIAN_POINT('',(0.,0.,34.5));
#398=DIRECTION('',(0.,0.,1.));
#399=DIRECTION('',(6.12323399573677E-17,1.,0.));
#400=FACE_BOUND('',#401,.T.);
#401=EDGE_LOOP('',(#1276,#1277,#1278,#1279));
#402=PLANE('',#403);
#403=AXIS2_PLACEMENT_3D('',#404,#405,#406);
#404=CARTESIAN_POINT('',(-47.75,9.05000000000001,34.5));
#405=DIRECTION('',(-8.88178419700125E-17,-1.,0.));
#406=DIRECTION('',(1.,-8.88178419700125E-17,0.));
#407=FACE_BOUND('',#408,.T.);
#408=EDGE_LOOP('',(#1280,#1281,#1282,#1283));
#409=PLANE('',#410);
#410=AXIS2_PLACEMENT_3D('',#411,#412,#413);
#411=CARTESIAN_POINT('',(0.,0.,55.));
#412=DIRECTION('',(0.,0.,1.));
#413=DIRECTION('',(6.12323399573677E-17,1.,0.));
#414=FACE_BOUND('',#415,.T.);
#415=EDGE_LOOP('',(#1284,#1285,#1286,#1287));
#416=PLANE('',#417);
#417=AXIS2_PLACEMENT_3D('',#418,#419,#420);
#418=CARTESIAN_POINT('',(-27.75,3.,34.5));
#419=DIRECTION('',(6.66133814775094E-17,1.,0.));
#420=DIRECTION('',(-1.,6.66133814775094E-17,0.));
#421=FACE_BOUND('',#422,.T.);
#422=EDGE_LOOP('',(#1288,#1289,#1290,#1291));
#423=PLANE('',#424);
#424=AXIS2_PLACEMENT_3D('',#425,#426,#427);
#425=CARTESIAN_POINT('',(0.,0.,34.5));
#426=DIRECTION('',(0.,0.,1.));
#427=DIRECTION('',(6.12323399573677E-17,1.,0.));
#428=FACE_BOUND('',#429,.T.);
#429=EDGE_LOOP('',(#1292,#1293,#1294,#1295));
#430=PLANE('',#431);
#431=AXIS2_PLACEMENT_3D('',#432,#433,#434);
#432=CARTESIAN_POINT('',(-47.75,-3.,34.5));
#433=DIRECTION('',(-6.66133814775094E-17,-1.,0.));
#434=DIRECTION('',(1.,-6.66133814775094E-17,0.));
#435=FACE_BOUND('',#436,.T.);
#436=EDGE_LOOP('',(#1296,#1297,#1298,#1299));
#437=PLANE('',#438);
#438=AXIS2_PLACEMENT_3D('',#439,#440,#441);
#439=CARTESIAN_POINT('',(0.,0.,55.));
#440=DIRECTION('',(0.,0.,1.));
#441=DIRECTION('',(6.12323399573677E-17,1.,0.));
#442=FACE_BOUND('',#443,.T.);
#443=EDGE_LOOP('',(#1300,#1301,#1302,#1303));
#444=CYLINDRICAL_SURFACE('',#445,2.);
#445=AXIS2_PLACEMENT_3D('',#446,#447,#448);
#446=CARTESIAN_POINT('',(-38.75,43.05,22.));
#447=DIRECTION('',(0.,1.,0.));
#448=DIRECTION('',(0.,0.,-1.));
#449=FACE_BOUND('',#450,.T.);
#450=EDGE_LOOP('',(#1304,#1305,#1306,#1307));
#451=DEGENERATE_TOROIDAL_SURFACE('',#452,2.,2.,.T.);
#452=AXIS2_PLACEMENT_3D('',#453,#454,#455);
#453=CARTESIAN_POINT('',(-36.75,-31.05,22.));
#454=DIRECTION('',(0.,0.,-1.));
#455=DIRECTION('',(0.,-1.,0.));
#456=FACE_BOUND('',#457,.T.);
#457=EDGE_LOOP('',(#1308,#1309,#1310,#1311));
#458=CYLINDRICAL_SURFACE('',#459,2.);
#459=AXIS2_PLACEMENT_3D('',#460,#461,#462);
#460=CARTESIAN_POINT('',(-48.75,-33.05,22.));
#461=DIRECTION('',(-1.,0.,0.));
#462=DIRECTION('',(0.,0.,-1.));
#463=FACE_BOUND('',#464,.T.);
#464=EDGE_LOOP('',(#1312,#1313,#1314,#1315));
#465=(BOUNDED_SURFACE()B_SPLINE_SURFACE(3,2,(
(#466,#467,#468),
(#469,#470,#471),
(#472,#473,#474),
(#475,#476,#477),
(#478,#479,#480),
(#481,#482,#483),
(#484,#485,#486),
(#487,#488,#489),
(#490,#491,#492),
(#493,#494,#495),
(#496,#497,#498),
(#499,#500,#501),
(#502,#503,#504),
(#505,#506,#507),
(#508,#509,#510),
(#511,#512,#513),
(#514,#515,#516)),
.UNSPECIFIED.,.F.,.F.,.F.)B_SPLINE_SURFACE_WITH_KNOTS((4,1,1,1,1,1,1,1,1,1,1,1,1,
1,4),
(3,3),
(-5.88080111371878E-6,2.3989219131046,3.38863748322558,4.36968468702866,5.3608900206371,
6.36271361356162,7.35492904770463,8.25372406924175,8.951401409906,9.47291536719779,
9.83392607786014,10.105568445251,10.3688934685498,10.6322184918486,11.0000058749799),
(0.,1.),
.UNSPECIFIED.)GEOMETRIC_REPRESENTATION_ITEM()RATIONAL_B_SPLINE_SURFACE((
(1.,0.707106722748598,1.),
(1.,0.715069838657434,1.),
(1.,0.724159780407045,1.),
(1.,0.73140707022321,1.),
(1.,0.734491890134681,1.),
(1.,0.735711197424707,1.),
(1.,0.735013061215749,1.),
(1.,0.732482536817193,1.),
(1.,0.728674373998966,1.),
(1.,0.724523136779843,1.),
(1.,0.720853142670721,1.),
(1.,0.717878068477572,1.),
(1.,0.715407862048683,1.),
(1.,0.713087844790076,1.),
(1.,0.710358760459825,1.),
(1.,0.708326177319172,1.),
(1.,0.707106722748596,1.)))REPRESENTATION_ITEM('')SURFACE());
#466=CARTESIAN_POINT('',(-9.38404783574103,-35.05,21.9999999999998));
#467=CARTESIAN_POINT('',(-9.38404774187925,-35.05,19.9999996694248));
#468=CARTESIAN_POINT('',(-9.38404774187927,-33.049999669425,19.9999999999998));
#469=CARTESIAN_POINT('',(-8.0372650827513,-35.05,21.9997194594608));
#470=CARTESIAN_POINT('',(-8.04130955869683,-35.05,20.0443697126302));
#471=CARTESIAN_POINT('',(-8.0498749921872,-33.0942650059959,19.9997545270282));
#472=CARTESIAN_POINT('',(-6.10871353151959,-35.05,21.9825882357499));
#473=CARTESIAN_POINT('',(-6.11504080981438,-35.05,20.0777356994462));
#474=CARTESIAN_POINT('',(-6.12832219968884,-33.1468694111624,19.9847647062811));
#475=CARTESIAN_POINT('',(-3.62347286568204,-35.05,21.9608925197112));
#476=CARTESIAN_POINT('',(-3.61747229178913,-35.05,20.0960619926372));
#477=CARTESIAN_POINT('',(-3.63918695548204,-33.1895568904316,19.9657809547473));
#478=CARTESIAN_POINT('',(-1.91598301160759,-35.05,21.9499889563857));
#479=CARTESIAN_POINT('',(-1.92860756749401,-35.05,20.1021686777253));
#480=CARTESIAN_POINT('',(-1.92535473571604,-33.2079371404032,19.9562403368375));
#481=CARTESIAN_POINT('',(-0.228620478243616,-35.05,21.9454424859816));
#482=CARTESIAN_POINT('',(-0.23203014168438,-35.05,20.1042311089511));
#483=CARTESIAN_POINT('',(-0.22978869602533,-33.2150740297861,19.9522621752339));
#484=CARTESIAN_POINT('',(1.44555470623215,-35.05,21.9480541068059));
#485=CARTESIAN_POINT('',(1.47106054134497,-35.05,20.103075773879));
#486=CARTESIAN_POINT('',(1.45275943102392,-33.2110090532257,19.9545473434551));
#487=CARTESIAN_POINT('',(3.04748362368605,-35.05,21.9567736022646));
#488=CARTESIAN_POINT('',(3.12061808281398,-35.05,20.0983265580674));
#489=CARTESIAN_POINT('',(3.06130772086651,-33.1966886061325,19.9621769019815));
#490=CARTESIAN_POINT('',(4.48646493935978,-35.05,21.9683141829033));
#491=CARTESIAN_POINT('',(4.59473540213686,-35.05,20.0894175818132));
#492=CARTESIAN_POINT('',(4.5038010582166,-33.1753503006043,19.9722749100404));
#493=CARTESIAN_POINT('',(5.6780396910912,-35.05,21.9789332239083));
#494=CARTESIAN_POINT('',(5.79879969293677,-35.05,20.0772730096896));
#495=CARTESIAN_POINT('',(5.69579749376764,-33.151928062766,19.9815665709198));
#496=CARTESIAN_POINT('',(6.59869449721288,-35.05,21.9867579216343));
#497=CARTESIAN_POINT('',(6.69613608215953,-35.05,20.0644929841892));
#498=CARTESIAN_POINT('',(6.61492288800901,-33.1305131350152,19.98841318143));
#499=CARTESIAN_POINT('',(7.28801053126624,-35.05,21.9919108493204));
#500=CARTESIAN_POINT('',(7.35100685860051,-35.05,20.0527552564484));
#501=CARTESIAN_POINT('',(7.30193557213577,-33.1127255125785,19.9929219931553));
#502=CARTESIAN_POINT('',(7.82921355964278,-35.05,21.9953074393867));
#503=CARTESIAN_POINT('',(7.85928592209584,-35.05,20.0421163745099));
#504=CARTESIAN_POINT('',(7.8405959341045,-33.0977662700953,19.9958940094634));
#505=CARTESIAN_POINT('',(8.30051433431748,-35.05,21.9976594423767));
#506=CARTESIAN_POINT('',(8.3120396682538,-35.05,20.0313754149939));
#507=CARTESIAN_POINT('',(8.30912647379006,-33.0840467803495,19.9979520120796));
#508=CARTESIAN_POINT('',(8.8126154732613,-35.05,21.9994684244956));
#509=CARTESIAN_POINT('',(8.81932944480962,-35.05,20.0178201608059));
#510=CARTESIAN_POINT('',(8.817629374044,-33.0684577619191,19.9995348714336));
#511=CARTESIAN_POINT('',(9.17302323143245,-35.05,21.9999999561248));
#512=CARTESIAN_POINT('',(9.17633379978452,-35.05,20.0068860803613));
#513=CARTESIAN_POINT('',(9.17499109292859,-33.0569305807913,19.9999999616092));
#514=CARTESIAN_POINT('',(9.38404783574126,-35.05,21.9999999999998));
#515=CARTESIAN_POINT('',(9.38404774187948,-35.05,19.9999996694248));
#516=CARTESIAN_POINT('',(9.38404774187949,-33.049999669425,19.9999999999998));
#517=FACE_BOUND('',#518,.T.);
#518=EDGE_LOOP('',(#1316,#1317,#1318,#1319));
#519=CYLINDRICAL_SURFACE('',#520,2.);
#520=AXIS2_PLACEMENT_3D('',#521,#522,#523);
#521=CARTESIAN_POINT('',(-48.75,-33.05,22.));
#522=DIRECTION('',(-1.,0.,0.));
#523=DIRECTION('',(0.,0.,-1.));
#524=FACE_BOUND('',#525,.T.);
#525=EDGE_LOOP('',(#1320,#1321,#1322,#1323));
#526=DEGENERATE_TOROIDAL_SURFACE('',#527,2.,2.,.T.);
#527=AXIS2_PLACEMENT_3D('',#528,#529,#530);
#528=CARTESIAN_POINT('',(36.75,-31.05,22.));
#529=DIRECTION('',(0.,0.,-1.));
#530=DIRECTION('',(1.,0.,0.));
#531=FACE_BOUND('',#532,.T.);
#532=EDGE_LOOP('',(#1324,#1325,#1326,#1327));
#533=CYLINDRICAL_SURFACE('',#534,2.);
#534=AXIS2_PLACEMENT_3D('',#535,#536,#537);
#535=CARTESIAN_POINT('',(38.75,-43.05,22.));
#536=DIRECTION('',(0.,-1.,0.));
#537=DIRECTION('',(0.,0.,-1.));
#538=FACE_BOUND('',#539,.T.);
#539=EDGE_LOOP('',(#1328,#1329,#1330,#1331));
#540=DEGENERATE_TOROIDAL_SURFACE('',#541,2.,2.,.T.);
#541=AXIS2_PLACEMENT_3D('',#542,#543,#544);
#542=CARTESIAN_POINT('',(36.75,31.05,22.));
#543=DIRECTION('',(0.,0.,-1.));
#544=DIRECTION('',(0.,1.,0.));
#545=FACE_BOUND('',#546,.T.);
#546=EDGE_LOOP('',(#1332,#1333,#1334,#1335));
#547=CYLINDRICAL_SURFACE('',#548,2.);
#548=AXIS2_PLACEMENT_3D('',#549,#550,#551);
#549=CARTESIAN_POINT('',(48.75,33.05,22.));
#550=DIRECTION('',(1.,0.,0.));
#551=DIRECTION('',(0.,0.,-1.));
#552=FACE_BOUND('',#553,.T.);
#553=EDGE_LOOP('',(#1336,#1337,#1338,#1339));
#554=(BOUNDED_SURFACE()B_SPLINE_SURFACE(3,2,(
(#555,#556,#557),
(#558,#559,#560),
(#561,#562,#563),
(#564,#565,#566),
(#567,#568,#569),
(#570,#571,#572),
(#573,#574,#575),
(#576,#577,#578),
(#579,#580,#581),
(#582,#583,#584),
(#585,#586,#587),
(#588,#589,#590),
(#591,#592,#593),
(#594,#595,#596),
(#597,#598,#599),
(#600,#601,#602),
(#603,#604,#605)),
.UNSPECIFIED.,.F.,.F.,.F.)B_SPLINE_SURFACE_WITH_KNOTS((4,1,1,1,1,1,1,1,1,1,1,1,1,
1,4),
(3,3),
(-5.88080111371871E-6,2.39892191315736,3.3886374833047,4.36968468710944,5.36089002071894,
6.36271361364712,7.35492904778891,8.25372406808982,8.95140140836772,9.47291536590147,
9.83392607744861,10.1055684452578,10.3688934688792,10.6322184925007,11.0000058749799),
(0.,1.),
.UNSPECIFIED.)GEOMETRIC_REPRESENTATION_ITEM()RATIONAL_B_SPLINE_SURFACE((
(1.,0.707106722748602,1.),
(1.,0.715069838657613,1.),
(1.,0.724159780407385,1.),
(1.,0.731407070223508,1.),
(1.,0.734491890134857,1.),
(1.,0.735711197424731,1.),
(1.,0.735013061215611,1.),
(1.,0.732482536817977,1.),
(1.,0.728674374003015,1.),
(1.,0.724523136788322,1.),
(1.,0.720853142678796,1.),
(1.,0.717878068482225,1.),
(1.,0.715407862048956,1.),
(1.,0.713087844787183,1.),
(1.,0.710358760456714,1.),
(1.,0.708326177317016,1.),
(1.,0.707106722748603,1.)))REPRESENTATION_ITEM('')SURFACE());
#555=CARTESIAN_POINT('',(9.38404783574037,35.05,21.9999999999998));
#556=CARTESIAN_POINT('',(9.3840477418786,35.05,19.9999996694248));
#557=CARTESIAN_POINT('',(9.38404774187862,33.0499996694251,19.9999999999998));
#558=CARTESIAN_POINT('',(8.03726508272007,35.05,21.9997194594607));
#559=CARTESIAN_POINT('',(8.04130955866697,35.05,20.0443697126311));
#560=CARTESIAN_POINT('',(8.04987499215629,33.0942650059969,19.9997545270281));
#561=CARTESIAN_POINT('',(6.10871353144835,35.05,21.9825882357491));
#562=CARTESIAN_POINT('',(6.11504080973937,35.05,20.0777356994474));
#563=CARTESIAN_POINT('',(6.12832219961774,33.1468694111643,19.9847647062805));
#564=CARTESIAN_POINT('',(3.62347286556543,35.05,21.9608925197103));
#565=CARTESIAN_POINT('',(3.61747229166779,35.05,20.0960619926378));
#566=CARTESIAN_POINT('',(3.63918695536512,33.1895568904333,19.9657809547465));
#567=CARTESIAN_POINT('',(1.91598301147464,35.05,21.9499889563851));
#568=CARTESIAN_POINT('',(1.92860756735609,35.05,20.1021686777256));
#569=CARTESIAN_POINT('',(1.92535473558253,33.2079371404042,19.956240336837));
#570=CARTESIAN_POINT('',(0.228620478103494,35.05,21.9454424859815));
#571=CARTESIAN_POINT('',(0.232030141542924,35.05,20.1042311089511));
#572=CARTESIAN_POINT('',(0.22978869588447,33.2150740297862,19.9522621752338));
#573=CARTESIAN_POINT('',(-1.44555470614061,35.05,21.948054106806));
#574=CARTESIAN_POINT('',(-1.47106054148819,35.05,20.1030757738787));
#575=CARTESIAN_POINT('',(-1.45275943093186,33.2110090532255,19.9545473434553));
#576=CARTESIAN_POINT('',(-3.0474836230545,35.05,21.9567736022609));
#577=CARTESIAN_POINT('',(-3.12061808225113,35.05,20.0983265580688));
#578=CARTESIAN_POINT('',(-3.06130772023234,33.1966886061384,19.9621769019783));
#579=CARTESIAN_POINT('',(-4.48646493792427,35.05,21.9683141828911));
#580=CARTESIAN_POINT('',(-4.59473540064562,35.05,20.0894175818228));
#581=CARTESIAN_POINT('',(-4.50380105677827,33.1753503006276,19.9722749100297));
#582=CARTESIAN_POINT('',(-5.6780396892252,35.05,21.9789332238917));
#583=CARTESIAN_POINT('',(-5.79879969066799,35.05,20.0772730097163));
#584=CARTESIAN_POINT('',(-5.69579749190253,33.1519280628057,19.9815665709052));
#585=CARTESIAN_POINT('',(-6.59869449551628,35.05,21.9867579216207));
#586=CARTESIAN_POINT('',(-6.69613608031721,35.05,20.0644929842195));
#587=CARTESIAN_POINT('',(-6.6149228863169,33.1305131350572,19.9884131814181));
#588=CARTESIAN_POINT('',(-7.28801053031134,35.05,21.9919108493141));
#589=CARTESIAN_POINT('',(-7.35100685763696,35.05,20.0527552564681));
#590=CARTESIAN_POINT('',(-7.30193557118504,33.1127255126045,19.9929219931498));
#591=CARTESIAN_POINT('',(-7.82921355949196,35.05,21.9953074393862));
#592=CARTESIAN_POINT('',(-7.85928592205369,35.05,20.0421163745115));
#593=CARTESIAN_POINT('',(-7.84059593395479,33.0977662700999,19.9958940094629));
#594=CARTESIAN_POINT('',(-8.30051433470546,35.05,21.9976594423785));
#595=CARTESIAN_POINT('',(-8.31203966881461,35.05,20.0313754149803));
#596=CARTESIAN_POINT('',(-8.30912647417568,33.0840467803381,19.9979520120812));
#597=CARTESIAN_POINT('',(-8.81261547366394,35.05,21.9994684244964));
#598=CARTESIAN_POINT('',(-8.81932944536391,35.05,20.0178201607895));
#599=CARTESIAN_POINT('',(-8.81762937444337,33.0684577619063,19.9995348714343));
#600=CARTESIAN_POINT('',(-9.17302323164689,35.05,21.9999999561248));
#601=CARTESIAN_POINT('',(-9.1763338001511,35.05,20.0068860803491));
#602=CARTESIAN_POINT('',(-9.17499109314103,33.0569305807843,19.9999999616092));
#603=CARTESIAN_POINT('',(-9.38404783574013,35.05,21.9999999999998));
#604=CARTESIAN_POINT('',(-9.38404774187836,35.05,19.9999996694248));
#605=CARTESIAN_POINT('',(-9.38404774187838,33.0499996694251,19.9999999999998));
#606=FACE_BOUND('',#607,.T.);
#607=EDGE_LOOP('',(#1340,#1341,#1342,#1343));
#608=CYLINDRICAL_SURFACE('',#609,2.);
#609=AXIS2_PLACEMENT_3D('',#610,#611,#612);
#610=CARTESIAN_POINT('',(48.75,33.05,22.));
#611=DIRECTION('',(1.,0.,0.));
#612=DIRECTION('',(0.,0.,-1.));
#613=FACE_BOUND('',#614,.T.);
#614=EDGE_LOOP('',(#1344,#1345,#1346,#1347));
#615=DEGENERATE_TOROIDAL_SURFACE('',#616,2.,2.,.T.);
#616=AXIS2_PLACEMENT_3D('',#617,#618,#619);
#617=CARTESIAN_POINT('',(-36.75,31.05,22.));
#618=DIRECTION('',(0.,0.,-1.));
#619=DIRECTION('',(-1.,0.,0.));
#620=FACE_BOUND('',#621,.T.);
#621=EDGE_LOOP('',(#1348,#1349,#1350,#1351,#1352,#1353));
#622=FACE_BOUND('',#623,.T.);
#623=EDGE_LOOP('',(#1354));
#624=FACE_BOUND('',#625,.T.);
#625=EDGE_LOOP('',(#1355));
#626=PLANE('',#627);
#627=AXIS2_PLACEMENT_3D('',#628,#629,#630);
#628=CARTESIAN_POINT('',(0.,0.,20.));
#629=DIRECTION('',(0.,0.,1.));
#630=DIRECTION('',(6.12323399573677E-17,1.,0.));
#631=FACE_BOUND('',#632,.T.);
#632=EDGE_LOOP('',(#1356,#1357,#1358,#1359,#1360,#1361,#1362));
#633=FACE_BOUND('',#634,.T.);
#634=EDGE_LOOP('',(#1363));
#635=FACE_BOUND('',#636,.T.);
#636=EDGE_LOOP('',(#1364));
#637=PLANE('',#638);
#638=AXIS2_PLACEMENT_3D('',#639,#640,#641);
#639=CARTESIAN_POINT('',(0.,0.,20.));
#640=DIRECTION('',(0.,0.,1.));
#641=DIRECTION('',(6.12323399573677E-17,1.,0.));
#642=FACE_BOUND('',#643,.T.);
#643=EDGE_LOOP('',(#1365,#1366));
#644=FACE_OUTER_BOUND('',#645,.T.);
#645=EDGE_LOOP('',(#1367));
#646=TOROIDAL_SURFACE('',#647,24.5,7.);
#647=AXIS2_PLACEMENT_3D('',#648,#649,#650);
#648=CARTESIAN_POINT('',(3.5527136788005E-15,-2.17540971751503E-31,20.));
#649=DIRECTION('',(0.,0.,1.));
#650=DIRECTION('',(6.12323399573676E-17,1.,0.));
#651=FACE_BOUND('',#652,.T.);
#652=EDGE_LOOP('',(#1368,#1369,#1370,#1371,#1372));
#653=FACE_OUTER_BOUND('',#654,.T.);
#654=EDGE_LOOP('',(#1373));
#655=TOROIDAL_SURFACE('',#656,34.3564064605511,14.);
#656=AXIS2_PLACEMENT_3D('',#657,#658,#659);
#657=CARTESIAN_POINT('',(0.,0.,6.00000000000001));
#658=DIRECTION('',(0.,0.,1.));
#659=DIRECTION('',(-1.,1.22464679914735E-16,0.));
#660=FACE_OUTER_BOUND('',#661,.T.);
#661=EDGE_LOOP('',(#1374));
#662=FACE_OUTER_BOUND('',#663,.T.);
#663=EDGE_LOOP('',(#1375));
#664=CYLINDRICAL_SURFACE('',#665,17.5);
#665=AXIS2_PLACEMENT_3D('',#666,#667,#668);
#666=CARTESIAN_POINT('',(3.5527136788005E-15,-2.17540971751503E-31,20.));
#667=DIRECTION('',(0.,0.,1.));
#668=DIRECTION('',(6.12323399573677E-17,1.,0.));
#669=FACE_BOUND('',#670,.T.);
#670=EDGE_LOOP('',(#1376,#1377,#1378,#1379,#1380,#1381,#1382,#1383,#1384));
#671=FACE_OUTER_BOUND('',#672,.T.);
#672=EDGE_LOOP('',(#1385));
#673=TOROIDAL_SURFACE('',#674,23.5,3.);
#674=AXIS2_PLACEMENT_3D('',#675,#676,#677);
#675=CARTESIAN_POINT('',(0.,0.,8.));
#676=DIRECTION('',(0.,0.,1.));
#677=DIRECTION('',(-1.,1.22464679914735E-16,0.));
#678=FACE_BOUND('',#679,.T.);
#679=EDGE_LOOP('',(#1386,#1387,#1388,#1389,#1390,#1391,#1392,#1393));
#680=FACE_BOUND('',#681,.T.);
#681=EDGE_LOOP('',(#1394));
#682=FACE_BOUND('',#683,.T.);
#683=EDGE_LOOP('',(#1395));
#684=FACE_BOUND('',#685,.T.);
#685=EDGE_LOOP('',(#1396));
#686=FACE_BOUND('',#687,.T.);
#687=EDGE_LOOP('',(#1397));
#688=FACE_BOUND('',#689,.T.);
#689=EDGE_LOOP('',(#1398));
#690=PLANE('',#691);
#691=AXIS2_PLACEMENT_3D('',#692,#693,#694);
#692=CARTESIAN_POINT('',(0.,0.,0.));
#693=DIRECTION('',(0.,0.,1.));
#694=DIRECTION('',(-1.,1.22464679914735E-16,0.));
#695=FACE_BOUND('',#696,.T.);
#696=EDGE_LOOP('',(#1399,#1400,#1401,#1402));
#697=(BOUNDED_SURFACE()B_SPLINE_SURFACE(3,2,(
(#698,#699,#700),
(#701,#702,#703),
(#704,#705,#706),
(#707,#708,#709),
(#710,#711,#712),
(#713,#714,#715),
(#716,#717,#718),
(#719,#720,#721),
(#722,#723,#724),
(#725,#726,#727),
(#728,#729,#730),
(#731,#732,#733)),
.UNSPECIFIED.,.F.,.F.,.F.)B_SPLINE_SURFACE_WITH_KNOTS((4,1,1,1,1,1,1,1,1,4),
(3,3),
(-2.70737020631679E-5,5.8256565250372,8.24554994805074,10.6654433710643,13.1301222873553,
15.5767087982332,18.0206443078848,20.4871219370553,22.9327781265492,26.0000270688903),
(0.,1.),
.UNSPECIFIED.)GEOMETRIC_REPRESENTATION_ITEM()RATIONAL_B_SPLINE_SURFACE((
(1.,0.707106637593607,1.),
(1.,0.717409651294469,1.),
(1.,0.728731201523921,1.),
(1.,0.737397403608469,1.),
(1.,0.740926123786354,1.),
(1.,0.742027742091748,1.),
(1.,0.740670648112072,1.),
(1.,0.736861823964667,1.),
(1.,0.730594998271291,1.),
(1.,0.72113297359267,1.),
(1.,0.71253157022591,1.),
(1.,0.707106637593607,1.)))REPRESENTATION_ITEM('')SURFACE());
#698=CARTESIAN_POINT('',(4.82183549265933,25.,3.00000000000043));
#699=CARTESIAN_POINT('',(4.82183532236791,25.,5.00000081228484));
#700=CARTESIAN_POINT('',(4.82183532236798,22.9999991877157,5.00000000000026));
#701=CARTESIAN_POINT('',(4.11008460322217,25.,3.00017138727475));
#702=CARTESIAN_POINT('',(4.1186067716728,25.,4.94263122933381));
#703=CARTESIAN_POINT('',(4.1220937308641,23.0572012427173,5.00010283236485));
#704=CARTESIAN_POINT('',(3.08801067452038,25.,3.00871620084256));
#705=CARTESIAN_POINT('',(3.09964889740261,25.,4.88834047754392));
#706=CARTESIAN_POINT('',(3.10613144371749,23.1232289010147,5.00522972050553));
#707=CARTESIAN_POINT('',(1.76941430248931,25.,3.01907177510409));
#708=CARTESIAN_POINT('',(1.77204024879109,25.,4.85111736948684));
#709=CARTESIAN_POINT('',(1.78323564706206,23.1747444765978,5.01144306506246));
#710=CARTESIAN_POINT('',(0.85604133118376,25.,3.02403267276027));
#711=CARTESIAN_POINT('',(0.864892988321956,25.,4.83685422436712));
#712=CARTESIAN_POINT('',(0.863511794213276,23.1958909994417,5.01441960365617));
#713=CARTESIAN_POINT('',(-0.0468340747257039,25.,3.0256643645955));
#714=CARTESIAN_POINT('',(-0.0462764940490754,25.,4.8325302553579));
#715=CARTESIAN_POINT('',(-0.0472558173290996,23.2024054665334,5.0153986187573));
#716=CARTESIAN_POINT('',(-0.951907443949046,25.,3.02365961669351));
#717=CARTESIAN_POINT('',(-0.960388073929352,25.,4.83786592708243));
#718=CARTESIAN_POINT('',(-0.960153372678467,23.1943766215959,5.01419577001611));
#719=CARTESIAN_POINT('',(-1.85876304735472,25.,3.01843130332005));
#720=CARTESIAN_POINT('',(-1.87400834052971,25.,4.85333398021416));
#721=CARTESIAN_POINT('',(-1.87304037303926,23.1718241709662,5.01105878199203));
#722=CARTESIAN_POINT('',(-2.74723213347156,25.,3.01134205506766));
#723=CARTESIAN_POINT('',(-2.78603743606461,25.,4.88036166741868));
#724=CARTESIAN_POINT('',(-2.76399540232638,23.1358025118969,5.0068052330406));
#725=CARTESIAN_POINT('',(-3.73395467932321,25.,3.00343257504356));
#726=CARTESIAN_POINT('',(-3.77365692423762,25.,4.92476074882197));
#727=CARTESIAN_POINT('',(-3.7481024277416,23.0813391657182,5.00205954502613));
#728=CARTESIAN_POINT('',(-4.41962214994954,25.,3.00001059053085));
#729=CARTESIAN_POINT('',(-4.44908347616522,25.,4.96954823882603));
#730=CARTESIAN_POINT('',(-4.42639700080923,23.0323096750278,5.00000635431851));
#731=CARTESIAN_POINT('',(-4.82183549265932,25.,3.00000000000043));
#732=CARTESIAN_POINT('',(-4.8218353223679,25.,5.00000081228484));
#733=CARTESIAN_POINT('',(-4.82183532236797,22.9999991877157,5.00000000000026));
#734=FACE_BOUND('',#735,.T.);
#735=EDGE_LOOP('',(#1403,#1404,#1405,#1406));
#736=FACE_BOUND('',#737,.T.);
#737=EDGE_LOOP('',(#1407));
#738=PLANE('',#739);
#739=AXIS2_PLACEMENT_3D('',#740,#741,#742);
#740=CARTESIAN_POINT('',(0.,0.,5.));
#741=DIRECTION('',(0.,0.,1.));
#742=DIRECTION('',(-1.,1.22464679914735E-16,0.));
#743=FACE_BOUND('',#744,.T.);
#744=EDGE_LOOP('',(#1408,#1409,#1410,#1411,#1412));
#745=(BOUNDED_SURFACE()B_SPLINE_SURFACE(3,2,(
(#746,#747,#748),
(#749,#750,#751),
(#752,#753,#754),
(#755,#756,#757),
(#758,#759,#760),
(#761,#762,#763),
(#764,#765,#766),
(#767,#768,#769),
(#770,#771,#772),
(#773,#774,#775),
(#776,#777,#778),
(#779,#780,#781),
(#782,#783,#784),
(#785,#786,#787),
(#788,#789,#790),
(#791,#792,#793),
(#794,#795,#796),
(#797,#798,#799),
(#800,#801,#802)),
.UNSPECIFIED.,.F.,.F.,.F.)B_SPLINE_SURFACE_WITH_KNOTS((4,1,1,1,1,1,1,1,1,1,1,1,1,
1,1,1,4),
(3,3),
(-2.70737017844677E-5,5.84914941767005,8.28221212055026,10.4648891467825,12.1650364204726,
13.3676699668536,14.1588534518607,14.8667195690347,15.6641939586706,16.5242077514744,
17.5475801920328,18.5145964833674,19.5210613918535,20.7005854748016,22.0444155289991,
23.6274365148888,26.056714401055),
(0.,1.),
.UNSPECIFIED.)GEOMETRIC_REPRESENTATION_ITEM()RATIONAL_B_SPLINE_SURFACE((
(1.,0.707106637593607,1.),
(1.,0.717451192917338,1.),
(1.,0.728809887971241,1.),
(1.,0.737270312411977,1.),
(1.,0.740391909971266,1.),
(1.,0.741560026344589,1.),
(1.,0.741677684939551,1.),
(1.,0.741396590253278,1.),
(1.,0.740924544690735,1.),
(1.,0.740198153359775,1.),
(1.,0.739076621296029,1.),
(1.,0.737526919689681,1.),
(1.,0.735494373623701,1.),
(1.,0.73293076535681,1.),
(1.,0.729542421506071,1.),
(1.,0.724901762748856,1.),
(1.,0.717793842007476,1.),
(1.,0.711383098572956,1.),
(1.,0.707106637593607,1.)))REPRESENTATION_ITEM('')SURFACE());
#746=CARTESIAN_POINT('',(-25.,4.82183549265933,3.00000000000043));
#747=CARTESIAN_POINT('',(-25.,4.82183532236792,5.00000081228484));
#748=CARTESIAN_POINT('',(-22.9999991877157,4.82183532236798,5.00000000000026));
#749=CARTESIAN_POINT('',(-25.,4.10646030393823,3.00017564774935));
#750=CARTESIAN_POINT('',(-25.,4.11581149048784,4.94240451687703));
#751=CARTESIAN_POINT('',(-23.0574931956237,4.11853102427504,5.00010538864961));
#752=CARTESIAN_POINT('',(-25.,3.09020999931848,3.00870712043502));
#753=CARTESIAN_POINT('',(-25.,3.09226118177904,4.88797867016832));
#754=CARTESIAN_POINT('',(-23.1230612405513,3.10830001145937,5.00522427226101));
#755=CARTESIAN_POINT('',(-25.,1.81806183004484,3.01868222012528));
#756=CARTESIAN_POINT('',(-25.,1.78922462057627,4.8516629263015));
#757=CARTESIAN_POINT('',(-23.1728286351491,1.83204299726154,5.01120933207517));
#758=CARTESIAN_POINT('',(-25.,1.04682722939498,3.0230440814061));
#759=CARTESIAN_POINT('',(-25.,1.00463676327774,4.83899701657244));
#760=CARTESIAN_POINT('',(-23.1917344751201,1.05567760755286,5.01382644884366));
#761=CARTESIAN_POINT('',(-25.,0.426953868901815,3.02487816463639));
#762=CARTESIAN_POINT('',(-25.,0.372869992220966,4.834366686257));
#763=CARTESIAN_POINT('',(-23.1992531386545,0.430678645774333,5.01492689878184));
#764=CARTESIAN_POINT('',(-25.,-0.0444574133816007,3.02517271244941));
#765=CARTESIAN_POINT('',(-25.,-0.0859189793220842,4.83390245200812));
#766=CARTESIAN_POINT('',(-23.20044596294,-0.0448491079577802,5.01510362746964));
#767=CARTESIAN_POINT('',(-25.,-0.401271353331602,3.02477975160241));
#768=CARTESIAN_POINT('',(-25.,-0.421197853194764,4.83501324873886));
#769=CARTESIAN_POINT('',(-23.198849766964,-0.404750992775318,5.01486785096145));
#770=CARTESIAN_POINT('',(-25.,-0.702838241978216,3.02405130364581));
#771=CARTESIAN_POINT('',(-25.,-0.705530084010781,4.83688751769601));
#772=CARTESIAN_POINT('',(-23.1958557681935,-0.708837962172632,5.01443078218749));
#773=CARTESIAN_POINT('',(-25.,-1.00320784910335,3.02297427992454));
#774=CARTESIAN_POINT('',(-25.,-0.997977989911907,4.83979222391116));
#775=CARTESIAN_POINT('',(-23.1913526549577,-1.0115784637923,5.01378456795473));
#776=CARTESIAN_POINT('',(-25.,-1.3257420520979,3.02143800091628));
#777=CARTESIAN_POINT('',(-25.,-1.32878287758372,4.84432716468883));
#778=CARTESIAN_POINT('',(-23.1847576375976,-1.33643031052443,5.01286280054977));
#779=CARTESIAN_POINT('',(-25.,-1.67346785783111,3.01938597589616));
#780=CARTESIAN_POINT('',(-25.,-1.67955129950079,4.85069522049992));
#781=CARTESIAN_POINT('',(-23.1755872965881,-1.68629797119235,5.0116315855377));
#782=CARTESIAN_POINT('',(-25.,-2.04132281346761,3.01685182408802));
#783=CARTESIAN_POINT('',(-25.,-2.04876247384785,4.85923240323113));
#784=CARTESIAN_POINT('',(-23.1636029398621,-2.0559169204169,5.01011109445281));
#785=CARTESIAN_POINT('',(-25.,-2.43821268030235,3.01382053542615));
#786=CARTESIAN_POINT('',(-25.,-2.43795959087188,4.87028360868555));
#787=CARTESIAN_POINT('',(-23.1480994635165,-2.45401615250938,5.00829232125569));
#788=CARTESIAN_POINT('',(-25.,-2.88067222775737,3.0102594580978));
#789=CARTESIAN_POINT('',(-25.,-2.87304105841255,4.88537572015532));
#790=CARTESIAN_POINT('',(-23.1277400577798,-2.89682982130442,5.00615567485868));
#791=CARTESIAN_POINT('',(-25.,-3.38671254770918,3.00625485563513));
#792=CARTESIAN_POINT('',(-25.,-3.37870950613003,4.90695056882275));
#793=CARTESIAN_POINT('',(-23.1005132570161,-3.40175908391247,5.00375291338108));
#794=CARTESIAN_POINT('',(-25.,-4.04101254542666,3.00179464315912));
#795=CARTESIAN_POINT('',(-25.,-4.03782135390556,4.94191805018139));
#796=CARTESIAN_POINT('',(-23.0595868490293,-4.05199987348291,5.00107678589547));
#797=CARTESIAN_POINT('',(-25.,-4.52787887287103,3.00000237415253));
#798=CARTESIAN_POINT('',(-25.,-4.52753247501119,4.97595526370358));
#799=CARTESIAN_POINT('',(-23.0236128294253,-4.53282970915415,5.00000142449152));
#800=CARTESIAN_POINT('',(-25.,-4.82183549265932,3.00000000000043));
#801=CARTESIAN_POINT('',(-25.,-4.8218353223679,5.00000081228484));
#802=CARTESIAN_POINT('',(-22.9999991877157,-4.82183532236797,5.00000000000026));
#803=FACE_BOUND('',#804,.T.);
#804=EDGE_LOOP('',(#1413,#1414,#1415,#1416));
#805=FACE_BOUND('',#806,.T.);
#806=EDGE_LOOP('',(#1417));
#807=PLANE('',#808);
#808=AXIS2_PLACEMENT_3D('',#809,#810,#811);
#809=CARTESIAN_POINT('',(0.,0.,5.));
#810=DIRECTION('',(0.,0.,1.));
#811=DIRECTION('',(-1.,1.22464679914735E-16,0.));
#812=FACE_BOUND('',#813,.T.);
#813=EDGE_LOOP('',(#1418,#1419,#1420,#1421));
#814=(BOUNDED_SURFACE()B_SPLINE_SURFACE(3,2,(
(#815,#816,#817),
(#818,#819,#820),
(#821,#822,#823),
(#824,#825,#826),
(#827,#828,#829),
(#830,#831,#832),
(#833,#834,#835),
(#836,#837,#838),
(#839,#840,#841),
(#842,#843,#844),
(#845,#846,#847),
(#848,#849,#850)),
.UNSPECIFIED.,.F.,.F.,.F.)B_SPLINE_SURFACE_WITH_KNOTS((4,1,1,1,1,1,1,1,1,4),
(3,3),
(-2.70737020631676E-5,5.82565652501756,8.24554994802878,10.66544337104,13.1301222873311,
15.5767087982092,18.0206443078611,20.4871219370317,22.9327781265223,26.0000270688903),
(0.,1.),
.UNSPECIFIED.)GEOMETRIC_REPRESENTATION_ITEM()RATIONAL_B_SPLINE_SURFACE((
(1.,0.707106637593607,1.),
(1.,0.717409651294435,1.),
(1.,0.728731201523867,1.),
(1.,0.737397403608425,1.),
(1.,0.740926123786331,1.),
(1.,0.742027742091749,1.),
(1.,0.740670648112098,1.),
(1.,0.736861823964715,1.),
(1.,0.730594998271366,1.),
(1.,0.721132973592744,1.),
(1.,0.712531570225958,1.),
(1.,0.707106637593607,1.)))REPRESENTATION_ITEM('')SURFACE());
#815=CARTESIAN_POINT('',(-4.82183549265933,-25.,3.00000000000043));
#816=CARTESIAN_POINT('',(-4.82183532236791,-25.,5.00000081228484));
#817=CARTESIAN_POINT('',(-4.82183532236798,-22.9999991877157,5.00000000000026));
#818=CARTESIAN_POINT('',(-4.11008460322444,-25.,3.00017138727475));
#819=CARTESIAN_POINT('',(-4.11860677167512,-25.,4.94263122933399));
#820=CARTESIAN_POINT('',(-4.12209373086633,-23.0572012427171,5.00010283236485));
#821=CARTESIAN_POINT('',(-3.08801067452536,-25.,3.00871620084251));
#822=CARTESIAN_POINT('',(-3.09964889740773,-25.,4.88834047754417));
#823=CARTESIAN_POINT('',(-3.10613144372245,-23.1232289010144,5.0052297205055));
#824=CARTESIAN_POINT('',(-1.76941430249716,-25.,3.01907177510403));
#825=CARTESIAN_POINT('',(-1.77204024879927,-25.,4.85111736948702));
#826=CARTESIAN_POINT('',(-1.78323564706996,-23.1747444765975,5.01144306506242));
#827=CARTESIAN_POINT('',(-0.85604133119233,-25.,3.02403267276024));
#828=CARTESIAN_POINT('',(-0.864892988330691,-25.,4.83685422436721));
#829=CARTESIAN_POINT('',(-0.863511794221897,-23.1958909994416,5.01441960365615));
#830=CARTESIAN_POINT('',(0.046834074716911,-25.,3.0256643645955));
#831=CARTESIAN_POINT('',(0.0462764940400824,-25.,4.8325302553579));
#832=CARTESIAN_POINT('',(0.0472558173202073,-23.2024054665334,5.0153986187573));
#833=CARTESIAN_POINT('',(0.951907443940176,-25.,3.02365961669355));
#834=CARTESIAN_POINT('',(0.960388073920408,-25.,4.83786592708232));
#835=CARTESIAN_POINT('',(0.960153372669532,-23.1943766215961,5.01419577001613));
#836=CARTESIAN_POINT('',(1.85876304734579,-25.,3.01843130332011));
#837=CARTESIAN_POINT('',(1.87400834052089,-25.,4.85333398021396));
#838=CARTESIAN_POINT('',(1.87304037303031,-23.1718241709664,5.01105878199207));
#839=CARTESIAN_POINT('',(2.74723213346246,-25.,3.01134205506774));
#840=CARTESIAN_POINT('',(2.78603743605544,-25.,4.88036166741835));
#841=CARTESIAN_POINT('',(2.76399540231726,-23.1358025118973,5.00680523304064));
#842=CARTESIAN_POINT('',(3.73395467931702,-25.,3.0034325750436));
#843=CARTESIAN_POINT('',(3.77365692423147,-25.,4.9247607488216));
#844=CARTESIAN_POINT('',(3.74810242773549,-23.0813391657186,5.00205954502616));
#845=CARTESIAN_POINT('',(4.41962214994639,-25.,3.00001059053085));
#846=CARTESIAN_POINT('',(4.44908347616197,-25.,4.96954823882577));
#847=CARTESIAN_POINT('',(4.42639700080611,-23.0323096750281,5.00000635431851));
#848=CARTESIAN_POINT('',(4.82183549265932,-25.,3.00000000000043));
#849=CARTESIAN_POINT('',(4.8218353223679,-25.,5.00000081228484));
#850=CARTESIAN_POINT('',(4.82183532236797,-22.9999991877157,5.00000000000026));
#851=FACE_BOUND('',#852,.T.);
#852=EDGE_LOOP('',(#1422,#1423,#1424,#1425));
#853=FACE_BOUND('',#854,.T.);
#854=EDGE_LOOP('',(#1426));
#855=PLANE('',#856);
#856=AXIS2_PLACEMENT_3D('',#857,#858,#859);
#857=CARTESIAN_POINT('',(0.,0.,5.));
#858=DIRECTION('',(0.,0.,1.));
#859=DIRECTION('',(-1.,1.22464679914735E-16,0.));
#860=FACE_BOUND('',#861,.T.);
#861=EDGE_LOOP('',(#1427,#1428,#1429,#1430));
#862=(BOUNDED_SURFACE()B_SPLINE_SURFACE(3,2,(
(#863,#864,#865),
(#866,#867,#868),
(#869,#870,#871),
(#872,#873,#874),
(#875,#876,#877),
(#878,#879,#880),
(#881,#882,#883),
(#884,#885,#886),
(#887,#888,#889),
(#890,#891,#892),
(#893,#894,#895),
(#896,#897,#898)),
.UNSPECIFIED.,.F.,.F.,.F.)B_SPLINE_SURFACE_WITH_KNOTS((4,1,1,1,1,1,1,1,1,4),
(3,3),
(-2.70737020631672E-5,5.82565652502653,8.2455499480436,10.6654433710607,13.1301222873493,
15.5767087982356,18.0206443078827,20.4871219370618,22.9327781265464,26.0000270688903),
(0.,1.),
.UNSPECIFIED.)GEOMETRIC_REPRESENTATION_ITEM()RATIONAL_B_SPLINE_SURFACE((
(1.,0.707106637593607,1.),
(1.,0.71740965129445,1.),
(1.,0.728731201523899,1.),
(1.,0.737397403608456,1.),
(1.,0.74092612378635,1.),
(1.,0.742027742091749,1.),
(1.,0.740670648112076,1.),
(1.,0.736861823964662,1.),
(1.,0.73059499827129,1.),
(1.,0.721132973592665,1.),
(1.,0.712531570225916,1.),
(1.,0.707106637593607,1.)))REPRESENTATION_ITEM('')SURFACE());
#863=CARTESIAN_POINT('',(25.,-4.82183549265934,3.00000000000043));
#864=CARTESIAN_POINT('',(25.,-4.82183532236792,5.00000081228484));
#865=CARTESIAN_POINT('',(22.9999991877157,-4.82183532236799,5.00000000000026));
#866=CARTESIAN_POINT('',(25.,-4.11008460322316,3.00017138727476));
#867=CARTESIAN_POINT('',(25.,-4.11860677167407,4.94263122933391));
#868=CARTESIAN_POINT('',(23.0572012427172,-4.12209373086507,5.00010283236486));
#869=CARTESIAN_POINT('',(25.,-3.08801067452224,3.00871620084253));
#870=CARTESIAN_POINT('',(25.,-3.09964889740482,4.88834047754402));
#871=CARTESIAN_POINT('',(23.1232289010146,-3.10613144371935,5.00522972050552));
#872=CARTESIAN_POINT('',(25.,-1.76941430249187,3.01907177510407));
#873=CARTESIAN_POINT('',(25.,-1.77204024879378,4.85111736948689));
#874=CARTESIAN_POINT('',(23.1747444765977,-1.78323564706465,5.01144306506245));
#875=CARTESIAN_POINT('',(25.,-0.856041331185608,3.02403267276027));
#876=CARTESIAN_POINT('',(25.,-0.86489298832401,4.83685422436714));
#877=CARTESIAN_POINT('',(23.1958909994417,-0.863511794215121,5.01441960365616));
#878=CARTESIAN_POINT('',(25.,0.0468340747244864,3.0256643645955));
#879=CARTESIAN_POINT('',(25.,0.0462764940481673,4.8325302553579));
#880=CARTESIAN_POINT('',(23.2024054665334,0.0472558173278557,5.0153986187573));
#881=CARTESIAN_POINT('',(25.,0.951907443948779,3.02365961669352));
#882=CARTESIAN_POINT('',(25.,0.960388073928639,4.83786592708241));
#883=CARTESIAN_POINT('',(23.1943766215959,0.960153372678209,5.01419577001611));
#884=CARTESIAN_POINT('',(25.,1.85876304735482,3.01843130332005));
#885=CARTESIAN_POINT('',(25.,1.87400834053055,4.85333398021417));
#886=CARTESIAN_POINT('',(23.1718241709661,1.87304037303938,5.01105878199203));
#887=CARTESIAN_POINT('',(25.,2.74723213347108,3.01134205506767));
#888=CARTESIAN_POINT('',(25.,2.7860374360648,4.88036166741869));
#889=CARTESIAN_POINT('',(23.1358025118969,2.76399540232587,5.0068052330406));
#890=CARTESIAN_POINT('',(25.,3.73395467932244,3.00343257504357));
#891=CARTESIAN_POINT('',(25.,3.77365692423807,4.924760748822));
#892=CARTESIAN_POINT('',(23.0813391657182,3.74810242774087,5.00205954502614));
#893=CARTESIAN_POINT('',(25.,4.41962214994869,3.00001059053085));
#894=CARTESIAN_POINT('',(25.,4.44908347616485,4.969548238826));
#895=CARTESIAN_POINT('',(23.0323096750279,4.42639700080836,5.00000635431851));
#896=CARTESIAN_POINT('',(25.,4.82183549265931,3.00000000000043));
#897=CARTESIAN_POINT('',(25.,4.82183532236789,5.00000081228484));
#898=CARTESIAN_POINT('',(22.9999991877157,4.82183532236796,5.00000000000026));
#899=FACE_BOUND('',#900,.T.);
#900=EDGE_LOOP('',(#1431,#1432,#1433,#1434));
#901=FACE_BOUND('',#902,.T.);
#902=EDGE_LOOP('',(#1435));
#903=PLANE('',#904);
#904=AXIS2_PLACEMENT_3D('',#905,#906,#907);
#905=CARTESIAN_POINT('',(0.,0.,5.));
#906=DIRECTION('',(0.,0.,1.));
#907=DIRECTION('',(-1.,1.22464679914735E-16,0.));
#908=FACE_BOUND('',#909,.T.);
#909=EDGE_LOOP('',(#1436,#1437,#1438,#1439));
#910=CYLINDRICAL_SURFACE('',#911,4.);
#911=AXIS2_PLACEMENT_3D('',#912,#913,#914);
#912=CARTESIAN_POINT('',(21.,-21.,-16.));
#913=DIRECTION('',(0.,0.,-1.));
#914=DIRECTION('',(1.,0.,0.));
#915=FACE_BOUND('',#916,.T.);
#916=EDGE_LOOP('',(#1440,#1441,#1442,#1443,#1444,#1445));
#917=PLANE('',#918);
#918=AXIS2_PLACEMENT_3D('',#919,#920,#921);
#919=CARTESIAN_POINT('',(-25.,-25.,0.));
#920=DIRECTION('',(-1.4210854715202E-16,-1.,0.));
#921=DIRECTION('',(1.,-1.4210854715202E-16,0.));
#922=FACE_BOUND('',#923,.T.);
#923=EDGE_LOOP('',(#1446,#1447,#1448,#1449));
#924=CYLINDRICAL_SURFACE('',#925,4.);
#925=AXIS2_PLACEMENT_3D('',#926,#927,#928);
#926=CARTESIAN_POINT('',(-21.,-21.,-16.));
#927=DIRECTION('',(0.,0.,-1.));
#928=DIRECTION('',(0.,-1.,0.));
#929=FACE_BOUND('',#930,.T.);
#930=EDGE_LOOP('',(#1450,#1451,#1452,#1453,#1454,#1455));
#931=PLANE('',#932);
#932=AXIS2_PLACEMENT_3D('',#933,#934,#935);
#933=CARTESIAN_POINT('',(-25.,25.,0.));
#934=DIRECTION('',(-1.,1.4210854715202E-16,0.));
#935=DIRECTION('',(-1.4210854715202E-16,-1.,0.));
#936=FACE_BOUND('',#937,.T.);
#937=EDGE_LOOP('',(#1456,#1457,#1458,#1459));
#938=CYLINDRICAL_SURFACE('',#939,4.);
#939=AXIS2_PLACEMENT_3D('',#940,#941,#942);
#940=CARTESIAN_POINT('',(-21.,21.,-16.));
#941=DIRECTION('',(0.,0.,-1.));
#942=DIRECTION('',(-1.,0.,0.));
#943=FACE_BOUND('',#944,.T.);
#944=EDGE_LOOP('',(#1460,#1461,#1462,#1463,#1464,#1465));
#945=PLANE('',#946);
#946=AXIS2_PLACEMENT_3D('',#947,#948,#949);
#947=CARTESIAN_POINT('',(25.,25.,0.));
#948=DIRECTION('',(1.4210854715202E-16,1.,0.));
#949=DIRECTION('',(-1.,1.4210854715202E-16,0.));
#950=FACE_BOUND('',#951,.T.);
#951=EDGE_LOOP('',(#1466,#1467,#1468,#1469));
#952=CYLINDRICAL_SURFACE('',#953,4.);
#953=AXIS2_PLACEMENT_3D('',#954,#955,#956);
#954=CARTESIAN_POINT('',(21.,21.,-16.));
#955=DIRECTION('',(0.,0.,-1.));
#956=DIRECTION('',(0.,1.,0.));
#957=FACE_BOUND('',#958,.T.);
#958=EDGE_LOOP('',(#1470,#1471,#1472,#1473,#1474,#1475));
#959=PLANE('',#960);
#960=AXIS2_PLACEMENT_3D('',#961,#962,#963);
#961=CARTESIAN_POINT('',(25.,-25.,0.));
#962=DIRECTION('',(1.,-2.8421709430404E-16,0.));
#963=DIRECTION('',(2.8421709430404E-16,1.,0.));
#964=FACE_OUTER_BOUND('',#965,.T.);
#965=EDGE_LOOP('',(#1476));
#966=FACE_OUTER_BOUND('',#967,.T.);
#967=EDGE_LOOP('',(#1477));
#968=CYLINDRICAL_SURFACE('',#969,2.1);
#969=AXIS2_PLACEMENT_3D('',#970,#971,#972);
#970=CARTESIAN_POINT('',(-20.,-20.,0.));
#971=DIRECTION('',(0.,0.,1.));
#972=DIRECTION('',(-1.,1.22464679914735E-16,0.));
#973=FACE_OUTER_BOUND('',#974,.T.);
#974=EDGE_LOOP('',(#1478));
#975=FACE_OUTER_BOUND('',#976,.T.);
#976=EDGE_LOOP('',(#1479));
#977=CYLINDRICAL_SURFACE('',#978,2.1);
#978=AXIS2_PLACEMENT_3D('',#979,#980,#981);
#979=CARTESIAN_POINT('',(-20.,20.,0.));
#980=DIRECTION('',(0.,0.,1.));
#981=DIRECTION('',(-1.,1.22464679914735E-16,0.));
#982=FACE_OUTER_BOUND('',#983,.T.);
#983=EDGE_LOOP('',(#1480));
#984=FACE_OUTER_BOUND('',#985,.T.);
#985=EDGE_LOOP('',(#1481));
#986=CYLINDRICAL_SURFACE('',#987,2.1);
#987=AXIS2_PLACEMENT_3D('',#988,#989,#990);
#988=CARTESIAN_POINT('',(20.,-20.,0.));
#989=DIRECTION('',(0.,0.,1.));
#990=DIRECTION('',(-1.,1.22464679914735E-16,0.));
#991=FACE_OUTER_BOUND('',#992,.T.);
#992=EDGE_LOOP('',(#1482));
#993=FACE_OUTER_BOUND('',#994,.T.);
#994=EDGE_LOOP('',(#1483));
#995=CYLINDRICAL_SURFACE('',#996,2.1);
#996=AXIS2_PLACEMENT_3D('',#997,#998,#999);
#997=CARTESIAN_POINT('',(20.,20.,0.));
#998=DIRECTION('',(0.,0.,1.));
#999=DIRECTION('',(-1.,1.22464679914735E-16,0.));
#1000=FACE_BOUND('',#1001,.T.);
#1001=EDGE_LOOP('',(#1484,#1485,#1486,#1487));
#1002=CYLINDRICAL_SURFACE('',#1003,2.);
#1003=AXIS2_PLACEMENT_3D('',#1004,#1005,#1006);
#1004=CARTESIAN_POINT('',(33.,23.,3.));
#1005=DIRECTION('',(-1.,1.07657990266682E-16,0.));
#1006=DIRECTION('',(0.,0.,1.));
#1007=FACE_BOUND('',#1008,.T.);
#1008=EDGE_LOOP('',(#1488,#1489,#1490,#1491));
#1009=CYLINDRICAL_SURFACE('',#1010,2.);
#1010=AXIS2_PLACEMENT_3D('',#1011,#1012,#1013);
#1011=CARTESIAN_POINT('',(33.,23.,3.));
#1012=DIRECTION('',(-1.,1.07657990266682E-16,0.));
#1013=DIRECTION('',(0.,0.,1.));
#1014=FACE_BOUND('',#1015,.T.);
#1015=EDGE_LOOP('',(#1492,#1493,#1494,#1495));
#1016=DEGENERATE_TOROIDAL_SURFACE('',#1017,2.,2.,.T.);
#1017=AXIS2_PLACEMENT_3D('',#1018,#1019,#1020);
#1018=CARTESIAN_POINT('',(-21.,21.,3.));
#1019=DIRECTION('',(0.,0.,-1.));
#1020=DIRECTION('',(-1.,1.07657990266682E-16,0.));
#1021=FACE_BOUND('',#1022,.T.);
#1022=EDGE_LOOP('',(#1496,#1497,#1498,#1499));
#1023=CYLINDRICAL_SURFACE('',#1024,2.);
#1024=AXIS2_PLACEMENT_3D('',#1025,#1026,#1027);
#1025=CARTESIAN_POINT('',(-23.,33.,3.));
#1026=DIRECTION('',(-1.07657990266682E-16,-1.,0.));
#1027=DIRECTION('',(0.,0.,1.));
#1028=FACE_BOUND('',#1029,.T.);
#1029=EDGE_LOOP('',(#1500,#1501,#1502,#1503));
#1030=CYLINDRICAL_SURFACE('',#1031,2.);
#1031=AXIS2_PLACEMENT_3D('',#1032,#1033,#1034);
#1032=CARTESIAN_POINT('',(-23.,33.,3.));
#1033=DIRECTION('',(-1.07657990266682E-16,-1.,0.));
#1034=DIRECTION('',(0.,0.,1.));
#1035=FACE_BOUND('',#1036,.T.);
#1036=EDGE_LOOP('',(#1504,#1505,#1506,#1507));
#1037=DEGENERATE_TOROIDAL_SURFACE('',#1038,2.,2.,.T.);
#1038=AXIS2_PLACEMENT_3D('',#1039,#1040,#1041);
#1039=CARTESIAN_POINT('',(-21.,-21.,3.));
#1040=DIRECTION('',(0.,9.56195036631529E-32,-1.));
#1041=DIRECTION('',(-5.38289951333409E-17,-1.,-9.56195036631529E-32));
#1042=FACE_BOUND('',#1043,.T.);
#1043=EDGE_LOOP('',(#1508,#1509,#1510,#1511));
#1044=CYLINDRICAL_SURFACE('',#1045,2.);
#1045=AXIS2_PLACEMENT_3D('',#1046,#1047,#1048);
#1046=CARTESIAN_POINT('',(-33.,-23.,3.));
#1047=DIRECTION('',(1.,-5.38289951333409E-17,0.));
#1048=DIRECTION('',(0.,-1.91239007326306E-31,1.));
#1049=FACE_BOUND('',#1050,.T.);
#1050=EDGE_LOOP('',(#1512,#1513,#1514,#1515));
#1051=CYLINDRICAL_SURFACE('',#1052,2.);
#1052=AXIS2_PLACEMENT_3D('',#1053,#1054,#1055);
#1053=CARTESIAN_POINT('',(-33.,-23.,3.));
#1054=DIRECTION('',(1.,-5.38289951333409E-17,0.));
#1055=DIRECTION('',(0.,-1.91239007326306E-31,1.));
#1056=FACE_BOUND('',#1057,.T.);
#1057=EDGE_LOOP('',(#1516,#1517,#1518,#1519));
#1058=DEGENERATE_TOROIDAL_SURFACE('',#1059,2.,2.,.T.);
#1059=AXIS2_PLACEMENT_3D('',#1060,#1061,#1062);
#1060=CARTESIAN_POINT('',(21.,-21.,3.));
#1061=DIRECTION('',(0.,9.56195036631529E-32,-1.));
#1062=DIRECTION('',(1.,-3.22973970800046E-16,-3.0882610784018E-47));
#1063=FACE_BOUND('',#1064,.T.);
#1064=EDGE_LOOP('',(#1520,#1521,#1522,#1523));
#1065=CYLINDRICAL_SURFACE('',#1066,2.);
#1066=AXIS2_PLACEMENT_3D('',#1067,#1068,#1069);
#1067=CARTESIAN_POINT('',(23.,-33.,3.));
#1068=DIRECTION('',(3.22973970800046E-16,1.,0.));
#1069=DIRECTION('',(0.,0.,1.));
#1070=FACE_BOUND('',#1071,.T.);
#1071=EDGE_LOOP('',(#1524,#1525,#1526,#1527));
#1072=CYLINDRICAL_SURFACE('',#1073,2.);
#1073=AXIS2_PLACEMENT_3D('',#1074,#1075,#1076);
#1074=CARTESIAN_POINT('',(23.,-33.,3.));
#1075=DIRECTION('',(3.22973970800046E-16,1.,0.));
#1076=DIRECTION('',(0.,0.,1.));
#1077=FACE_BOUND('',#1078,.T.);
#1078=EDGE_LOOP('',(#1528,#1529,#1530,#1531));
#1079=DEGENERATE_TOROIDAL_SURFACE('',#1080,2.,2.,.T.);
#1080=AXIS2_PLACEMENT_3D('',#1081,#1082,#1083);
#1081=CARTESIAN_POINT('',(21.,21.,3.));
#1082=DIRECTION('',(0.,0.,-1.));
#1083=DIRECTION('',(1.07657990266682E-16,1.,0.));
#1084=ORIENTED_EDGE('',*,*,#1532,.F.);
#1085=ORIENTED_EDGE('',*,*,#1533,.F.);
#1086=ORIENTED_EDGE('',*,*,#1534,.T.);
#1087=ORIENTED_EDGE('',*,*,#1535,.T.);
#1088=ORIENTED_EDGE('',*,*,#1536,.T.);
#1089=ORIENTED_EDGE('',*,*,#1537,.T.);
#1090=ORIENTED_EDGE('',*,*,#1538,.T.);
#1091=ORIENTED_EDGE('',*,*,#1539,.T.);
#1092=ORIENTED_EDGE('',*,*,#1537,.F.);
#1093=ORIENTED_EDGE('',*,*,#1540,.F.);
#1094=ORIENTED_EDGE('',*,*,#1541,.F.);
#1095=ORIENTED_EDGE('',*,*,#1542,.T.);
#1096=ORIENTED_EDGE('',*,*,#1538,.F.);
#1097=ORIENTED_EDGE('',*,*,#1542,.F.);
#1098=ORIENTED_EDGE('',*,*,#1543,.F.);
#1099=ORIENTED_EDGE('',*,*,#1544,.T.);
#1100=ORIENTED_EDGE('',*,*,#1539,.F.);
#1101=ORIENTED_EDGE('',*,*,#1544,.F.);
#1102=ORIENTED_EDGE('',*,*,#1545,.F.);
#1103=ORIENTED_EDGE('',*,*,#1546,.T.);
#1104=ORIENTED_EDGE('',*,*,#1536,.F.);
#1105=ORIENTED_EDGE('',*,*,#1546,.F.);
#1106=ORIENTED_EDGE('',*,*,#1547,.F.);
#1107=ORIENTED_EDGE('',*,*,#1540,.T.);
#1108=ORIENTED_EDGE('',*,*,#1532,.T.);
#1109=ORIENTED_EDGE('',*,*,#1548,.T.);
#1110=ORIENTED_EDGE('',*,*,#1549,.T.);
#1111=ORIENTED_EDGE('',*,*,#1550,.T.);
#1112=ORIENTED_EDGE('',*,*,#1551,.T.);
#1113=ORIENTED_EDGE('',*,*,#1552,.T.);
#1114=ORIENTED_EDGE('',*,*,#1553,.T.);
#1115=ORIENTED_EDGE('',*,*,#1554,.F.);
#1116=ORIENTED_EDGE('',*,*,#1555,.T.);
#1117=ORIENTED_EDGE('',*,*,#1556,.F.);
#1118=ORIENTED_EDGE('',*,*,#1557,.T.);
#1119=ORIENTED_EDGE('',*,*,#1558,.F.);
#1120=ORIENTED_EDGE('',*,*,#1559,.T.);
#1121=ORIENTED_EDGE('',*,*,#1560,.F.);
#1122=ORIENTED_EDGE('',*,*,#1561,.T.);
#1123=ORIENTED_EDGE('',*,*,#1562,.T.);
#1124=ORIENTED_EDGE('',*,*,#1563,.T.);
#1125=ORIENTED_EDGE('',*,*,#1564,.T.);
#1126=ORIENTED_EDGE('',*,*,#1565,.T.);
#1127=ORIENTED_EDGE('',*,*,#1566,.T.);
#1128=ORIENTED_EDGE('',*,*,#1567,.T.);
#1129=ORIENTED_EDGE('',*,*,#1568,.T.);
#1130=ORIENTED_EDGE('',*,*,#1569,.T.);
#1131=ORIENTED_EDGE('',*,*,#1570,.T.);
#1132=ORIENTED_EDGE('',*,*,#1566,.F.);
#1133=ORIENTED_EDGE('',*,*,#1571,.F.);
#1134=ORIENTED_EDGE('',*,*,#1572,.F.);
#1135=ORIENTED_EDGE('',*,*,#1573,.F.);
#1136=ORIENTED_EDGE('',*,*,#1574,.T.);
#1137=ORIENTED_EDGE('',*,*,#1533,.T.);
#1138=ORIENTED_EDGE('',*,*,#1575,.F.);
#1139=ORIENTED_EDGE('',*,*,#1576,.F.);
#1140=ORIENTED_EDGE('',*,*,#1534,.F.);
#1141=ORIENTED_EDGE('',*,*,#1574,.F.);
#1142=ORIENTED_EDGE('',*,*,#1548,.F.);
#1143=ORIENTED_EDGE('',*,*,#1535,.F.);
#1144=ORIENTED_EDGE('',*,*,#1576,.T.);
#1145=ORIENTED_EDGE('',*,*,#1577,.T.);
#1146=ORIENTED_EDGE('',*,*,#1578,.F.);
#1147=ORIENTED_EDGE('',*,*,#1579,.F.);
#1148=ORIENTED_EDGE('',*,*,#1547,.T.);
#1149=ORIENTED_EDGE('',*,*,#1545,.T.);
#1150=ORIENTED_EDGE('',*,*,#1543,.T.);
#1151=ORIENTED_EDGE('',*,*,#1541,.T.);
#1152=ORIENTED_EDGE('',*,*,#1579,.T.);
#1153=ORIENTED_EDGE('',*,*,#1580,.T.);
#1154=ORIENTED_EDGE('',*,*,#1581,.T.);
#1155=ORIENTED_EDGE('',*,*,#1549,.F.);
#1156=ORIENTED_EDGE('',*,*,#1582,.T.);
#1157=ORIENTED_EDGE('',*,*,#1583,.T.);
#1158=ORIENTED_EDGE('',*,*,#1550,.F.);
#1159=ORIENTED_EDGE('',*,*,#1581,.F.);
#1160=ORIENTED_EDGE('',*,*,#1584,.T.);
#1161=ORIENTED_EDGE('',*,*,#1585,.T.);
#1162=ORIENTED_EDGE('',*,*,#1586,.T.);
#1163=ORIENTED_EDGE('',*,*,#1551,.F.);
#1164=ORIENTED_EDGE('',*,*,#1583,.F.);
#1165=ORIENTED_EDGE('',*,*,#1587,.T.);
#1166=ORIENTED_EDGE('',*,*,#1588,.T.);
#1167=ORIENTED_EDGE('',*,*,#1563,.F.);
#1168=ORIENTED_EDGE('',*,*,#1589,.T.);
#1169=ORIENTED_EDGE('',*,*,#1590,.T.);
#1170=ORIENTED_EDGE('',*,*,#1591,.T.);
#1171=ORIENTED_EDGE('',*,*,#1592,.F.);
#1172=ORIENTED_EDGE('',*,*,#1593,.T.);
#1173=ORIENTED_EDGE('',*,*,#1594,.T.);
#1174=ORIENTED_EDGE('',*,*,#1595,.T.);
#1175=ORIENTED_EDGE('',*,*,#1596,.F.);
#1176=ORIENTED_EDGE('',*,*,#1586,.F.);
#1177=ORIENTED_EDGE('',*,*,#1597,.F.);
#1178=ORIENTED_EDGE('',*,*,#1598,.F.);
#1179=ORIENTED_EDGE('',*,*,#1552,.F.);
#1180=ORIENTED_EDGE('',*,*,#1599,.T.);
#1181=ORIENTED_EDGE('',*,*,#1600,.F.);
#1182=ORIENTED_EDGE('',*,*,#1601,.T.);
#1183=ORIENTED_EDGE('',*,*,#1602,.T.);
#1184=ORIENTED_EDGE('',*,*,#1603,.T.);
#1185=ORIENTED_EDGE('',*,*,#1604,.F.);
#1186=ORIENTED_EDGE('',*,*,#1605,.T.);
#1187=ORIENTED_EDGE('',*,*,#1606,.T.);
#1188=ORIENTED_EDGE('',*,*,#1607,.T.);
#1189=ORIENTED_EDGE('',*,*,#1561,.F.);
#1190=ORIENTED_EDGE('',*,*,#1608,.F.);
#1191=ORIENTED_EDGE('',*,*,#1609,.T.);
#1192=ORIENTED_EDGE('',*,*,#1610,.T.);
#1193=ORIENTED_EDGE('',*,*,#1553,.F.);
#1194=ORIENTED_EDGE('',*,*,#1598,.T.);
#1195=ORIENTED_EDGE('',*,*,#1611,.T.);
#1196=ORIENTED_EDGE('',*,*,#1610,.F.);
#1197=ORIENTED_EDGE('',*,*,#1612,.F.);
#1198=ORIENTED_EDGE('',*,*,#1613,.T.);
#1199=ORIENTED_EDGE('',*,*,#1554,.T.);
#1200=ORIENTED_EDGE('',*,*,#1614,.T.);
#1201=ORIENTED_EDGE('',*,*,#1555,.F.);
#1202=ORIENTED_EDGE('',*,*,#1613,.F.);
#1203=ORIENTED_EDGE('',*,*,#1615,.T.);
#1204=ORIENTED_EDGE('',*,*,#1616,.T.);
#1205=ORIENTED_EDGE('',*,*,#1617,.T.);
#1206=ORIENTED_EDGE('',*,*,#1614,.F.);
#1207=ORIENTED_EDGE('',*,*,#1618,.F.);
#1208=ORIENTED_EDGE('',*,*,#1619,.T.);
#1209=ORIENTED_EDGE('',*,*,#1556,.T.);
#1210=ORIENTED_EDGE('',*,*,#1619,.F.);
#1211=ORIENTED_EDGE('',*,*,#1620,.T.);
#1212=ORIENTED_EDGE('',*,*,#1621,.T.);
#1213=ORIENTED_EDGE('',*,*,#1557,.F.);
#1214=ORIENTED_EDGE('',*,*,#1621,.F.);
#1215=ORIENTED_EDGE('',*,*,#1622,.F.);
#1216=ORIENTED_EDGE('',*,*,#1623,.T.);
#1217=ORIENTED_EDGE('',*,*,#1558,.T.);
#1218=ORIENTED_EDGE('',*,*,#1623,.F.);
#1219=ORIENTED_EDGE('',*,*,#1624,.T.);
#1220=ORIENTED_EDGE('',*,*,#1625,.T.);
#1221=ORIENTED_EDGE('',*,*,#1626,.T.);
#1222=ORIENTED_EDGE('',*,*,#1627,.T.);
#1223=ORIENTED_EDGE('',*,*,#1559,.F.);
#1224=ORIENTED_EDGE('',*,*,#1627,.F.);
#1225=ORIENTED_EDGE('',*,*,#1628,.F.);
#1226=ORIENTED_EDGE('',*,*,#1608,.T.);
#1227=ORIENTED_EDGE('',*,*,#1560,.T.);
#1228=ORIENTED_EDGE('',*,*,#1589,.F.);
#1229=ORIENTED_EDGE('',*,*,#1562,.F.);
#1230=ORIENTED_EDGE('',*,*,#1607,.F.);
#1231=ORIENTED_EDGE('',*,*,#1629,.F.);
#1232=ORIENTED_EDGE('',*,*,#1630,.T.);
#1233=ORIENTED_EDGE('',*,*,#1631,.T.);
#1234=ORIENTED_EDGE('',*,*,#1564,.F.);
#1235=ORIENTED_EDGE('',*,*,#1588,.F.);
#1236=ORIENTED_EDGE('',*,*,#1571,.T.);
#1237=ORIENTED_EDGE('',*,*,#1565,.F.);
#1238=ORIENTED_EDGE('',*,*,#1631,.F.);
#1239=ORIENTED_EDGE('',*,*,#1632,.T.);
#1240=ORIENTED_EDGE('',*,*,#1567,.F.);
#1241=ORIENTED_EDGE('',*,*,#1633,.F.);
#1242=ORIENTED_EDGE('',*,*,#1568,.F.);
#1243=ORIENTED_EDGE('',*,*,#1634,.F.);
#1244=ORIENTED_EDGE('',*,*,#1569,.F.);
#1245=ORIENTED_EDGE('',*,*,#1635,.F.);
#1246=ORIENTED_EDGE('',*,*,#1570,.F.);
#1247=ORIENTED_EDGE('',*,*,#1636,.F.);
#1248=ORIENTED_EDGE('',*,*,#1578,.T.);
#1249=ORIENTED_EDGE('',*,*,#1637,.T.);
#1250=ORIENTED_EDGE('',*,*,#1638,.T.);
#1251=ORIENTED_EDGE('',*,*,#1639,.T.);
#1252=ORIENTED_EDGE('',*,*,#1640,.T.);
#1253=ORIENTED_EDGE('',*,*,#1572,.T.);
#1254=ORIENTED_EDGE('',*,*,#1632,.F.);
#1255=ORIENTED_EDGE('',*,*,#1630,.F.);
#1256=ORIENTED_EDGE('',*,*,#1587,.F.);
#1257=ORIENTED_EDGE('',*,*,#1582,.F.);
#1258=ORIENTED_EDGE('',*,*,#1580,.F.);
#1259=ORIENTED_EDGE('',*,*,#1640,.F.);
#1260=ORIENTED_EDGE('',*,*,#1637,.F.);
#1261=ORIENTED_EDGE('',*,*,#1577,.F.);
#1262=ORIENTED_EDGE('',*,*,#1575,.T.);
#1263=ORIENTED_EDGE('',*,*,#1573,.T.);
#1264=ORIENTED_EDGE('',*,*,#1584,.F.);
#1265=ORIENTED_EDGE('',*,*,#1641,.F.);
#1266=ORIENTED_EDGE('',*,*,#1599,.F.);
#1267=ORIENTED_EDGE('',*,*,#1642,.F.);
#1268=ORIENTED_EDGE('',*,*,#1585,.F.);
#1269=ORIENTED_EDGE('',*,*,#1642,.T.);
#1270=ORIENTED_EDGE('',*,*,#1611,.F.);
#1271=ORIENTED_EDGE('',*,*,#1597,.T.);
#1272=ORIENTED_EDGE('',*,*,#1590,.F.);
#1273=ORIENTED_EDGE('',*,*,#1629,.T.);
#1274=ORIENTED_EDGE('',*,*,#1606,.F.);
#1275=ORIENTED_EDGE('',*,*,#1643,.T.);
#1276=ORIENTED_EDGE('',*,*,#1591,.F.);
#1277=ORIENTED_EDGE('',*,*,#1643,.F.);
#1278=ORIENTED_EDGE('',*,*,#1605,.F.);
#1279=ORIENTED_EDGE('',*,*,#1644,.F.);
#1280=ORIENTED_EDGE('',*,*,#1644,.T.);
#1281=ORIENTED_EDGE('',*,*,#1604,.T.);
#1282=ORIENTED_EDGE('',*,*,#1645,.T.);
#1283=ORIENTED_EDGE('',*,*,#1592,.T.);
#1284=ORIENTED_EDGE('',*,*,#1593,.F.);
#1285=ORIENTED_EDGE('',*,*,#1645,.F.);
#1286=ORIENTED_EDGE('',*,*,#1603,.F.);
#1287=ORIENTED_EDGE('',*,*,#1646,.F.);
#1288=ORIENTED_EDGE('',*,*,#1594,.F.);
#1289=ORIENTED_EDGE('',*,*,#1646,.T.);
#1290=ORIENTED_EDGE('',*,*,#1602,.F.);
#1291=ORIENTED_EDGE('',*,*,#1647,.T.);
#1292=ORIENTED_EDGE('',*,*,#1595,.F.);
#1293=ORIENTED_EDGE('',*,*,#1647,.F.);
#1294=ORIENTED_EDGE('',*,*,#1601,.F.);
#1295=ORIENTED_EDGE('',*,*,#1648,.F.);
#1296=ORIENTED_EDGE('',*,*,#1641,.T.);
#1297=ORIENTED_EDGE('',*,*,#1596,.T.);
#1298=ORIENTED_EDGE('',*,*,#1648,.T.);
#1299=ORIENTED_EDGE('',*,*,#1600,.T.);
#1300=ORIENTED_EDGE('',*,*,#1649,.F.);
#1301=ORIENTED_EDGE('',*,*,#1650,.T.);
#1302=ORIENTED_EDGE('',*,*,#1651,.T.);
#1303=ORIENTED_EDGE('',*,*,#1609,.F.);
#1304=ORIENTED_EDGE('',*,*,#1651,.F.);
#1305=ORIENTED_EDGE('',*,*,#1652,.T.);
#1306=ORIENTED_EDGE('',*,*,#1653,.T.);
#1307=ORIENTED_EDGE('',*,*,#1612,.T.);
#1308=ORIENTED_EDGE('',*,*,#1653,.F.);
#1309=ORIENTED_EDGE('',*,*,#1654,.T.);
#1310=ORIENTED_EDGE('',*,*,#1655,.T.);
#1311=ORIENTED_EDGE('',*,*,#1615,.F.);
#1312=ORIENTED_EDGE('',*,*,#1616,.F.);
#1313=ORIENTED_EDGE('',*,*,#1655,.F.);
#1314=ORIENTED_EDGE('',*,*,#1656,.T.);
#1315=ORIENTED_EDGE('',*,*,#1657,.T.);
#1316=ORIENTED_EDGE('',*,*,#1658,.T.);
#1317=ORIENTED_EDGE('',*,*,#1617,.F.);
#1318=ORIENTED_EDGE('',*,*,#1657,.F.);
#1319=ORIENTED_EDGE('',*,*,#1659,.T.);
#1320=ORIENTED_EDGE('',*,*,#1658,.F.);
#1321=ORIENTED_EDGE('',*,*,#1660,.T.);
#1322=ORIENTED_EDGE('',*,*,#1661,.T.);
#1323=ORIENTED_EDGE('',*,*,#1618,.T.);
#1324=ORIENTED_EDGE('',*,*,#1661,.F.);
#1325=ORIENTED_EDGE('',*,*,#1662,.T.);
#1326=ORIENTED_EDGE('',*,*,#1663,.T.);
#1327=ORIENTED_EDGE('',*,*,#1620,.F.);
#1328=ORIENTED_EDGE('',*,*,#1663,.F.);
#1329=ORIENTED_EDGE('',*,*,#1664,.T.);
#1330=ORIENTED_EDGE('',*,*,#1665,.T.);
#1331=ORIENTED_EDGE('',*,*,#1622,.T.);
#1332=ORIENTED_EDGE('',*,*,#1665,.F.);
#1333=ORIENTED_EDGE('',*,*,#1666,.T.);
#1334=ORIENTED_EDGE('',*,*,#1667,.T.);
#1335=ORIENTED_EDGE('',*,*,#1624,.F.);
#1336=ORIENTED_EDGE('',*,*,#1625,.F.);
#1337=ORIENTED_EDGE('',*,*,#1667,.F.);
#1338=ORIENTED_EDGE('',*,*,#1668,.T.);
#1339=ORIENTED_EDGE('',*,*,#1669,.T.);
#1340=ORIENTED_EDGE('',*,*,#1670,.T.);
#1341=ORIENTED_EDGE('',*,*,#1626,.F.);
#1342=ORIENTED_EDGE('',*,*,#1669,.F.);
#1343=ORIENTED_EDGE('',*,*,#1671,.T.);
#1344=ORIENTED_EDGE('',*,*,#1670,.F.);
#1345=ORIENTED_EDGE('',*,*,#1672,.T.);
#1346=ORIENTED_EDGE('',*,*,#1649,.T.);
#1347=ORIENTED_EDGE('',*,*,#1628,.T.);
#1348=ORIENTED_EDGE('',*,*,#1660,.F.);
#1349=ORIENTED_EDGE('',*,*,#1659,.F.);
#1350=ORIENTED_EDGE('',*,*,#1673,.F.);
#1351=ORIENTED_EDGE('',*,*,#1666,.F.);
#1352=ORIENTED_EDGE('',*,*,#1664,.F.);
#1353=ORIENTED_EDGE('',*,*,#1662,.F.);
#1354=ORIENTED_EDGE('',*,*,#1635,.T.);
#1355=ORIENTED_EDGE('',*,*,#1633,.T.);
#1356=ORIENTED_EDGE('',*,*,#1672,.F.);
#1357=ORIENTED_EDGE('',*,*,#1671,.F.);
#1358=ORIENTED_EDGE('',*,*,#1674,.F.);
#1359=ORIENTED_EDGE('',*,*,#1675,.F.);
#1360=ORIENTED_EDGE('',*,*,#1654,.F.);
#1361=ORIENTED_EDGE('',*,*,#1652,.F.);
#1362=ORIENTED_EDGE('',*,*,#1650,.F.);
#1363=ORIENTED_EDGE('',*,*,#1636,.T.);
#1364=ORIENTED_EDGE('',*,*,#1634,.T.);
#1365=ORIENTED_EDGE('',*,*,#1639,.F.);
#1366=ORIENTED_EDGE('',*,*,#1638,.F.);
#1367=ORIENTED_EDGE('',*,*,#1676,.T.);
#1368=ORIENTED_EDGE('',*,*,#1673,.T.);
#1369=ORIENTED_EDGE('',*,*,#1656,.F.);
#1370=ORIENTED_EDGE('',*,*,#1675,.T.);
#1371=ORIENTED_EDGE('',*,*,#1674,.T.);
#1372=ORIENTED_EDGE('',*,*,#1668,.F.);
#1373=ORIENTED_EDGE('',*,*,#1677,.F.);
#1374=ORIENTED_EDGE('',*,*,#1676,.F.);
#1375=ORIENTED_EDGE('',*,*,#1678,.F.);
#1376=ORIENTED_EDGE('',*,*,#1679,.T.);
#1377=ORIENTED_EDGE('',*,*,#1680,.T.);
#1378=ORIENTED_EDGE('',*,*,#1681,.T.);
#1379=ORIENTED_EDGE('',*,*,#1682,.T.);
#1380=ORIENTED_EDGE('',*,*,#1683,.T.);
#1381=ORIENTED_EDGE('',*,*,#1684,.T.);
#1382=ORIENTED_EDGE('',*,*,#1685,.T.);
#1383=ORIENTED_EDGE('',*,*,#1686,.T.);
#1384=ORIENTED_EDGE('',*,*,#1687,.T.);
#1385=ORIENTED_EDGE('',*,*,#1677,.T.);
#1386=ORIENTED_EDGE('',*,*,#1688,.F.);
#1387=ORIENTED_EDGE('',*,*,#1689,.F.);
#1388=ORIENTED_EDGE('',*,*,#1690,.F.);
#1389=ORIENTED_EDGE('',*,*,#1691,.F.);
#1390=ORIENTED_EDGE('',*,*,#1692,.F.);
#1391=ORIENTED_EDGE('',*,*,#1693,.F.);
#1392=ORIENTED_EDGE('',*,*,#1694,.F.);
#1393=ORIENTED_EDGE('',*,*,#1695,.F.);
#1394=ORIENTED_EDGE('',*,*,#1678,.T.);
#1395=ORIENTED_EDGE('',*,*,#1696,.T.);
#1396=ORIENTED_EDGE('',*,*,#1697,.T.);
#1397=ORIENTED_EDGE('',*,*,#1698,.T.);
#1398=ORIENTED_EDGE('',*,*,#1699,.T.);
#1399=ORIENTED_EDGE('',*,*,#1700,.T.);
#1400=ORIENTED_EDGE('',*,*,#1701,.T.);
#1401=ORIENTED_EDGE('',*,*,#1680,.F.);
#1402=ORIENTED_EDGE('',*,*,#1702,.F.);
#1403=ORIENTED_EDGE('',*,*,#1703,.F.);
#1404=ORIENTED_EDGE('',*,*,#1704,.T.);
#1405=ORIENTED_EDGE('',*,*,#1681,.F.);
#1406=ORIENTED_EDGE('',*,*,#1705,.T.);
#1407=ORIENTED_EDGE('',*,*,#1706,.T.);
#1408=ORIENTED_EDGE('',*,*,#1707,.T.);
#1409=ORIENTED_EDGE('',*,*,#1708,.T.);
#1410=ORIENTED_EDGE('',*,*,#1683,.F.);
#1411=ORIENTED_EDGE('',*,*,#1682,.F.);
#1412=ORIENTED_EDGE('',*,*,#1709,.F.);
#1413=ORIENTED_EDGE('',*,*,#1710,.F.);
#1414=ORIENTED_EDGE('',*,*,#1711,.T.);
#1415=ORIENTED_EDGE('',*,*,#1684,.F.);
#1416=ORIENTED_EDGE('',*,*,#1712,.T.);
#1417=ORIENTED_EDGE('',*,*,#1713,.T.);
#1418=ORIENTED_EDGE('',*,*,#1714,.T.);
#1419=ORIENTED_EDGE('',*,*,#1715,.T.);
#1420=ORIENTED_EDGE('',*,*,#1685,.F.);
#1421=ORIENTED_EDGE('',*,*,#1716,.F.);
#1422=ORIENTED_EDGE('',*,*,#1717,.F.);
#1423=ORIENTED_EDGE('',*,*,#1718,.T.);
#1424=ORIENTED_EDGE('',*,*,#1686,.F.);
#1425=ORIENTED_EDGE('',*,*,#1719,.T.);
#1426=ORIENTED_EDGE('',*,*,#1720,.T.);
#1427=ORIENTED_EDGE('',*,*,#1721,.T.);
#1428=ORIENTED_EDGE('',*,*,#1722,.T.);
#1429=ORIENTED_EDGE('',*,*,#1687,.F.);
#1430=ORIENTED_EDGE('',*,*,#1723,.F.);
#1431=ORIENTED_EDGE('',*,*,#1724,.F.);
#1432=ORIENTED_EDGE('',*,*,#1725,.T.);
#1433=ORIENTED_EDGE('',*,*,#1679,.F.);
#1434=ORIENTED_EDGE('',*,*,#1726,.T.);
#1435=ORIENTED_EDGE('',*,*,#1727,.T.);
#1436=ORIENTED_EDGE('',*,*,#1728,.F.);
#1437=ORIENTED_EDGE('',*,*,#1688,.T.);
#1438=ORIENTED_EDGE('',*,*,#1729,.T.);
#1439=ORIENTED_EDGE('',*,*,#1730,.T.);
#1440=ORIENTED_EDGE('',*,*,#1728,.T.);
#1441=ORIENTED_EDGE('',*,*,#1731,.F.);
#1442=ORIENTED_EDGE('',*,*,#1714,.F.);
#1443=ORIENTED_EDGE('',*,*,#1732,.F.);
#1444=ORIENTED_EDGE('',*,*,#1733,.F.);
#1445=ORIENTED_EDGE('',*,*,#1689,.T.);
#1446=ORIENTED_EDGE('',*,*,#1734,.F.);
#1447=ORIENTED_EDGE('',*,*,#1690,.T.);
#1448=ORIENTED_EDGE('',*,*,#1733,.T.);
#1449=ORIENTED_EDGE('',*,*,#1735,.T.);
#1450=ORIENTED_EDGE('',*,*,#1734,.T.);
#1451=ORIENTED_EDGE('',*,*,#1736,.F.);
#1452=ORIENTED_EDGE('',*,*,#1707,.F.);
#1453=ORIENTED_EDGE('',*,*,#1737,.F.);
#1454=ORIENTED_EDGE('',*,*,#1738,.F.);
#1455=ORIENTED_EDGE('',*,*,#1691,.T.);
#1456=ORIENTED_EDGE('',*,*,#1739,.F.);
#1457=ORIENTED_EDGE('',*,*,#1692,.T.);
#1458=ORIENTED_EDGE('',*,*,#1738,.T.);
#1459=ORIENTED_EDGE('',*,*,#1740,.T.);
#1460=ORIENTED_EDGE('',*,*,#1739,.T.);
#1461=ORIENTED_EDGE('',*,*,#1741,.F.);
#1462=ORIENTED_EDGE('',*,*,#1700,.F.);
#1463=ORIENTED_EDGE('',*,*,#1742,.F.);
#1464=ORIENTED_EDGE('',*,*,#1743,.F.);
#1465=ORIENTED_EDGE('',*,*,#1693,.T.);
#1466=ORIENTED_EDGE('',*,*,#1744,.F.);
#1467=ORIENTED_EDGE('',*,*,#1694,.T.);
#1468=ORIENTED_EDGE('',*,*,#1743,.T.);
#1469=ORIENTED_EDGE('',*,*,#1745,.T.);
#1470=ORIENTED_EDGE('',*,*,#1729,.F.);
#1471=ORIENTED_EDGE('',*,*,#1695,.T.);
#1472=ORIENTED_EDGE('',*,*,#1744,.T.);
#1473=ORIENTED_EDGE('',*,*,#1746,.F.);
#1474=ORIENTED_EDGE('',*,*,#1721,.F.);
#1475=ORIENTED_EDGE('',*,*,#1747,.F.);
#1476=ORIENTED_EDGE('',*,*,#1713,.F.);
#1477=ORIENTED_EDGE('',*,*,#1696,.F.);
#1478=ORIENTED_EDGE('',*,*,#1706,.F.);
#1479=ORIENTED_EDGE('',*,*,#1697,.F.);
#1480=ORIENTED_EDGE('',*,*,#1720,.F.);
#1481=ORIENTED_EDGE('',*,*,#1698,.F.);
#1482=ORIENTED_EDGE('',*,*,#1727,.F.);
#1483=ORIENTED_EDGE('',*,*,#1699,.F.);
#1484=ORIENTED_EDGE('',*,*,#1748,.T.);
#1485=ORIENTED_EDGE('',*,*,#1705,.F.);
#1486=ORIENTED_EDGE('',*,*,#1701,.F.);
#1487=ORIENTED_EDGE('',*,*,#1741,.T.);
#1488=ORIENTED_EDGE('',*,*,#1749,.F.);
#1489=ORIENTED_EDGE('',*,*,#1742,.T.);
#1490=ORIENTED_EDGE('',*,*,#1702,.T.);
#1491=ORIENTED_EDGE('',*,*,#1725,.F.);
#1492=ORIENTED_EDGE('',*,*,#1748,.F.);
#1493=ORIENTED_EDGE('',*,*,#1740,.F.);
#1494=ORIENTED_EDGE('',*,*,#1750,.T.);
#1495=ORIENTED_EDGE('',*,*,#1703,.T.);
#1496=ORIENTED_EDGE('',*,*,#1750,.F.);
#1497=ORIENTED_EDGE('',*,*,#1737,.T.);
#1498=ORIENTED_EDGE('',*,*,#1709,.T.);
#1499=ORIENTED_EDGE('',*,*,#1704,.F.);
#1500=ORIENTED_EDGE('',*,*,#1751,.T.);
#1501=ORIENTED_EDGE('',*,*,#1712,.F.);
#1502=ORIENTED_EDGE('',*,*,#1708,.F.);
#1503=ORIENTED_EDGE('',*,*,#1736,.T.);
#1504=ORIENTED_EDGE('',*,*,#1751,.F.);
#1505=ORIENTED_EDGE('',*,*,#1735,.F.);
#1506=ORIENTED_EDGE('',*,*,#1752,.T.);
#1507=ORIENTED_EDGE('',*,*,#1710,.T.);
#1508=ORIENTED_EDGE('',*,*,#1752,.F.);
#1509=ORIENTED_EDGE('',*,*,#1732,.T.);
#1510=ORIENTED_EDGE('',*,*,#1716,.T.);
#1511=ORIENTED_EDGE('',*,*,#1711,.F.);
#1512=ORIENTED_EDGE('',*,*,#1753,.T.);
#1513=ORIENTED_EDGE('',*,*,#1719,.F.);
#1514=ORIENTED_EDGE('',*,*,#1715,.F.);
#1515=ORIENTED_EDGE('',*,*,#1731,.T.);
#1516=ORIENTED_EDGE('',*,*,#1753,.F.);
#1517=ORIENTED_EDGE('',*,*,#1730,.F.);
#1518=ORIENTED_EDGE('',*,*,#1754,.T.);
#1519=ORIENTED_EDGE('',*,*,#1717,.T.);
#1520=ORIENTED_EDGE('',*,*,#1754,.F.);
#1521=ORIENTED_EDGE('',*,*,#1747,.T.);
#1522=ORIENTED_EDGE('',*,*,#1723,.T.);
#1523=ORIENTED_EDGE('',*,*,#1718,.F.);
#1524=ORIENTED_EDGE('',*,*,#1755,.T.);
#1525=ORIENTED_EDGE('',*,*,#1726,.F.);
#1526=ORIENTED_EDGE('',*,*,#1722,.F.);
#1527=ORIENTED_EDGE('',*,*,#1746,.T.);
#1528=ORIENTED_EDGE('',*,*,#1755,.F.);
#1529=ORIENTED_EDGE('',*,*,#1745,.F.);
#1530=ORIENTED_EDGE('',*,*,#1749,.T.);
#1531=ORIENTED_EDGE('',*,*,#1724,.T.);
#1532=EDGE_CURVE('',#1756,#1757,#1758,.F.);
#1533=EDGE_CURVE('',#1759,#1756,#1760,.T.);
#1534=EDGE_CURVE('',#1759,#1761,#1762,.F.);
#1535=EDGE_CURVE('',#1761,#1757,#1763,.T.);
#1536=EDGE_CURVE('',#1764,#1765,#1766,.T.);
#1537=EDGE_CURVE('',#1765,#1767,#1768,.T.);
#1538=EDGE_CURVE('',#1767,#1769,#1770,.T.);
#1539=EDGE_CURVE('',#1769,#1764,#1771,.T.);
#1540=EDGE_CURVE('',#1772,#1765,#1773,.T.);
#1541=EDGE_CURVE('',#1774,#1772,#1775,.T.);
#1542=EDGE_CURVE('',#1774,#1767,#1776,.T.);
#1543=EDGE_CURVE('',#1777,#1774,#1778,.T.);
#1544=EDGE_CURVE('',#1777,#1769,#1779,.T.);
#1545=EDGE_CURVE('',#1780,#1777,#1781,.T.);
#1546=EDGE_CURVE('',#1780,#1764,#1782,.T.);
#1547=EDGE_CURVE('',#1772,#1780,#1783,.T.);
#1548=EDGE_CURVE('',#1757,#1784,#1785,.F.);
#1549=EDGE_CURVE('',#1784,#1786,#1787,.F.);
#1550=EDGE_CURVE('',#1786,#1788,#1789,.F.);
#1551=EDGE_CURVE('',#1788,#1790,#1791,.F.);
#1552=EDGE_CURVE('',#1790,#1792,#1793,.F.);
#1553=EDGE_CURVE('',#1792,#1794,#1795,.T.);
#1554=EDGE_CURVE('',#1796,#1794,#1797,.F.);
#1555=EDGE_CURVE('',#1796,#1798,#1799,.T.);
#1556=EDGE_CURVE('',#1800,#1798,#1801,.F.);
#1557=EDGE_CURVE('',#1800,#1802,#1803,.T.);
#1558=EDGE_CURVE('',#1804,#1802,#1805,.F.);
#1559=EDGE_CURVE('',#1804,#1806,#1807,.T.);
#1560=EDGE_CURVE('',#1808,#1806,#1809,.F.);
#1561=EDGE_CURVE('',#1808,#1810,#1811,.T.);
#1562=EDGE_CURVE('',#1810,#1812,#1813,.F.);
#1563=EDGE_CURVE('',#1812,#1814,#1815,.F.);
#1564=EDGE_CURVE('',#1814,#1816,#1817,.F.);
#1565=EDGE_CURVE('',#1816,#1818,#1819,.F.);
#1566=EDGE_CURVE('',#1818,#1756,#1820,.F.);
#1567=EDGE_CURVE('',#1821,#1821,#1822,.F.);
#1568=EDGE_CURVE('',#1823,#1823,#1824,.F.);
#1569=EDGE_CURVE('',#1825,#1825,#1826,.F.);
#1570=EDGE_CURVE('',#1827,#1827,#1828,.F.);
#1571=EDGE_CURVE('',#1829,#1818,#1830,.T.);
#1572=EDGE_CURVE('',#1831,#1829,#1832,.F.);
#1573=EDGE_CURVE('',#1833,#1831,#1834,.T.);
#1574=EDGE_CURVE('',#1833,#1759,#1835,.F.);
#1575=EDGE_CURVE('',#1836,#1833,#1837,.F.);
#1576=EDGE_CURVE('',#1761,#1836,#1838,.F.);
#1577=EDGE_CURVE('',#1836,#1839,#1840,.T.);
#1578=EDGE_CURVE('',#1841,#1839,#1842,.F.);
#1579=EDGE_CURVE('',#1784,#1841,#1843,.T.);
#1580=EDGE_CURVE('',#1841,#1844,#1845,.F.);
#1581=EDGE_CURVE('',#1844,#1786,#1846,.T.);
#1582=EDGE_CURVE('',#1844,#1847,#1848,.F.);
#1583=EDGE_CURVE('',#1847,#1788,#1849,.T.);
#1584=EDGE_CURVE('',#1850,#1851,#1852,.T.);
#1585=EDGE_CURVE('',#1851,#1853,#1854,.F.);
#1586=EDGE_CURVE('',#1853,#1790,#1855,.T.);
#1587=EDGE_CURVE('',#1847,#1856,#1857,.F.);
#1588=EDGE_CURVE('',#1856,#1814,#1858,.T.);
#1589=EDGE_CURVE('',#1812,#1859,#1860,.T.);
#1590=EDGE_CURVE('',#1859,#1861,#1862,.F.);
#1591=EDGE_CURVE('',#1861,#1863,#1864,.T.);
#1592=EDGE_CURVE('',#1865,#1863,#1866,.F.);
#1593=EDGE_CURVE('',#1865,#1867,#1868,.T.);
#1594=EDGE_CURVE('',#1867,#1869,#1870,.F.);
#1595=EDGE_CURVE('',#1869,#1871,#1872,.T.);
#1596=EDGE_CURVE('',#1850,#1871,#1873,.F.);
#1597=EDGE_CURVE('',#1874,#1853,#1875,.T.);
#1598=EDGE_CURVE('',#1792,#1874,#1876,.F.);
#1599=EDGE_CURVE('',#1877,#1878,#1879,.F.);
#1600=EDGE_CURVE('',#1880,#1878,#1881,.T.);
#1601=EDGE_CURVE('',#1880,#1882,#1883,.F.);
#1602=EDGE_CURVE('',#1882,#1884,#1885,.T.);
#1603=EDGE_CURVE('',#1884,#1886,#1887,.F.);
#1604=EDGE_CURVE('',#1888,#1886,#1889,.T.);
#1605=EDGE_CURVE('',#1888,#1890,#1891,.F.);
#1606=EDGE_CURVE('',#1890,#1892,#1893,.T.);
#1607=EDGE_CURVE('',#1892,#1810,#1894,.F.);
#1608=EDGE_CURVE('',#1895,#1808,#1896,.T.);
#1609=EDGE_CURVE('',#1895,#1897,#1898,.T.);
#1610=EDGE_CURVE('',#1897,#1794,#1899,.T.);
#1611=EDGE_CURVE('',#1874,#1877,#1900,.T.);
#1612=EDGE_CURVE('',#1901,#1897,#1902,.F.);
#1613=EDGE_CURVE('',#1901,#1796,#1903,.T.);
#1614=EDGE_CURVE('',#1904,#1798,#1905,.T.);
#1615=EDGE_CURVE('',#1901,#1906,#1907,.T.);
#1616=EDGE_CURVE('',#1906,#1908,#1909,.T.);
#1617=EDGE_CURVE('',#1908,#1904,#1910,.T.);
#1618=EDGE_CURVE('',#1911,#1904,#1912,.F.);
#1619=EDGE_CURVE('',#1911,#1800,#1913,.T.);
#1620=EDGE_CURVE('',#1911,#1914,#1915,.T.);
#1621=EDGE_CURVE('',#1914,#1802,#1916,.T.);
#1622=EDGE_CURVE('',#1917,#1914,#1918,.F.);
#1623=EDGE_CURVE('',#1917,#1804,#1919,.T.);
#1624=EDGE_CURVE('',#1917,#1920,#1921,.T.);
#1625=EDGE_CURVE('',#1920,#1922,#1923,.T.);
#1626=EDGE_CURVE('',#1922,#1924,#1925,.T.);
#1627=EDGE_CURVE('',#1924,#1806,#1926,.T.);
#1628=EDGE_CURVE('',#1895,#1924,#1927,.F.);
#1629=EDGE_CURVE('',#1859,#1892,#1928,.T.);
#1630=EDGE_CURVE('',#1856,#1929,#1930,.F.);
#1631=EDGE_CURVE('',#1929,#1816,#1931,.T.);
#1632=EDGE_CURVE('',#1929,#1829,#1932,.F.);
#1633=EDGE_CURVE('',#1933,#1933,#1934,.T.);
#1634=EDGE_CURVE('',#1935,#1935,#1936,.T.);
#1635=EDGE_CURVE('',#1937,#1937,#1938,.T.);
#1636=EDGE_CURVE('',#1939,#1939,#1940,.T.);
#1637=EDGE_CURVE('',#1839,#1941,#1942,.F.);
#1638=EDGE_CURVE('',#1941,#1943,#1944,.F.);
#1639=EDGE_CURVE('',#1943,#1941,#1945,.F.);
#1640=EDGE_CURVE('',#1941,#1831,#1946,.F.);
#1641=EDGE_CURVE('',#1878,#1850,#1947,.F.);
#1642=EDGE_CURVE('',#1851,#1877,#1948,.T.);
#1643=EDGE_CURVE('',#1890,#1861,#1949,.T.);
#1644=EDGE_CURVE('',#1863,#1888,#1950,.F.);
#1645=EDGE_CURVE('',#1886,#1865,#1951,.F.);
#1646=EDGE_CURVE('',#1867,#1884,#1952,.T.);
#1647=EDGE_CURVE('',#1882,#1869,#1953,.T.);
#1648=EDGE_CURVE('',#1871,#1880,#1954,.F.);
#1649=EDGE_CURVE('',#1955,#1895,#1956,.F.);
#1650=EDGE_CURVE('',#1955,#1957,#1958,.T.);
#1651=EDGE_CURVE('',#1957,#1897,#1959,.F.);
#1652=EDGE_CURVE('',#1957,#1960,#1961,.F.);
#1653=EDGE_CURVE('',#1960,#1901,#1962,.F.);
#1654=EDGE_CURVE('',#1960,#1963,#1964,.T.);
#1655=EDGE_CURVE('',#1963,#1906,#1965,.F.);
#1656=EDGE_CURVE('',#1963,#1966,#1967,.T.);
#1657=EDGE_CURVE('',#1966,#1908,#1968,.F.);
#1658=EDGE_CURVE('',#1969,#1904,#1970,.F.);
#1659=EDGE_CURVE('',#1966,#1969,#1971,.T.);
#1660=EDGE_CURVE('',#1969,#1972,#1973,.F.);
#1661=EDGE_CURVE('',#1972,#1911,#1974,.F.);
#1662=EDGE_CURVE('',#1972,#1975,#1976,.T.);
#1663=EDGE_CURVE('',#1975,#1914,#1977,.F.);
#1664=EDGE_CURVE('',#1975,#1978,#1979,.F.);
#1665=EDGE_CURVE('',#1978,#1917,#1980,.F.);
#1666=EDGE_CURVE('',#1978,#1981,#1982,.T.);
#1667=EDGE_CURVE('',#1981,#1920,#1983,.F.);
#1668=EDGE_CURVE('',#1981,#1984,#1985,.T.);
#1669=EDGE_CURVE('',#1984,#1922,#1986,.F.);
#1670=EDGE_CURVE('',#1987,#1924,#1988,.F.);
#1671=EDGE_CURVE('',#1984,#1987,#1989,.T.);
#1672=EDGE_CURVE('',#1987,#1955,#1990,.F.);
#1673=EDGE_CURVE('',#1981,#1966,#1991,.F.);
#1674=EDGE_CURVE('',#1992,#1984,#1993,.F.);
#1675=EDGE_CURVE('',#1963,#1992,#1994,.F.);
#1676=EDGE_CURVE('',#1995,#1995,#1996,.F.);
#1677=EDGE_CURVE('',#1997,#1997,#1998,.F.);
#1678=EDGE_CURVE('',#1999,#1999,#2000,.T.);
#1679=EDGE_CURVE('',#2001,#2002,#2003,.T.);
#1680=EDGE_CURVE('',#2002,#2004,#2005,.T.);
#1681=EDGE_CURVE('',#2004,#2006,#2007,.T.);
#1682=EDGE_CURVE('',#2006,#2008,#2009,.T.);
#1683=EDGE_CURVE('',#2008,#2010,#2011,.T.);
#1684=EDGE_CURVE('',#2010,#2012,#2013,.T.);
#1685=EDGE_CURVE('',#2012,#2014,#2015,.T.);
#1686=EDGE_CURVE('',#2014,#2016,#2017,.T.);
#1687=EDGE_CURVE('',#2016,#2001,#2018,.T.);
#1688=EDGE_CURVE('',#2019,#2020,#2021,.F.);
#1689=EDGE_CURVE('',#2022,#2019,#2023,.T.);
#1690=EDGE_CURVE('',#2024,#2022,#2025,.F.);
#1691=EDGE_CURVE('',#2026,#2024,#2027,.T.);
#1692=EDGE_CURVE('',#2028,#2026,#2029,.F.);
#1693=EDGE_CURVE('',#2030,#2028,#2031,.T.);
#1694=EDGE_CURVE('',#2032,#2030,#2033,.F.);
#1695=EDGE_CURVE('',#2020,#2032,#2034,.T.);
#1696=EDGE_CURVE('',#2035,#2035,#2036,.T.);
#1697=EDGE_CURVE('',#2037,#2037,#2038,.T.);
#1698=EDGE_CURVE('',#2039,#2039,#2040,.T.);
#1699=EDGE_CURVE('',#2041,#2041,#2042,.T.);
#1700=EDGE_CURVE('',#2043,#2044,#2045,.T.);
#1701=EDGE_CURVE('',#2044,#2004,#2046,.T.);
#1702=EDGE_CURVE('',#2043,#2002,#2047,.T.);
#1703=EDGE_CURVE('',#2048,#2049,#2050,.F.);
#1704=EDGE_CURVE('',#2048,#2006,#2051,.T.);
#1705=EDGE_CURVE('',#2004,#2049,#2052,.T.);
#1706=EDGE_CURVE('',#2053,#2053,#2054,.F.);
#1707=EDGE_CURVE('',#2055,#2056,#2057,.T.);
#1708=EDGE_CURVE('',#2056,#2010,#2058,.T.);
#1709=EDGE_CURVE('',#2055,#2006,#2059,.T.);
#1710=EDGE_CURVE('',#2060,#2061,#2062,.F.);
#1711=EDGE_CURVE('',#2060,#2012,#2063,.T.);
#1712=EDGE_CURVE('',#2010,#2061,#2064,.T.);
#1713=EDGE_CURVE('',#2065,#2065,#2066,.F.);
#1714=EDGE_CURVE('',#2067,#2068,#2069,.T.);
#1715=EDGE_CURVE('',#2068,#2014,#2070,.T.);
#1716=EDGE_CURVE('',#2067,#2012,#2071,.T.);
#1717=EDGE_CURVE('',#2072,#2073,#2074,.F.);
#1718=EDGE_CURVE('',#2072,#2016,#2075,.T.);
#1719=EDGE_CURVE('',#2014,#2073,#2076,.T.);
#1720=EDGE_CURVE('',#2077,#2077,#2078,.F.);
#1721=EDGE_CURVE('',#2079,#2080,#2081,.T.);
#1722=EDGE_CURVE('',#2080,#2001,#2082,.T.);
#1723=EDGE_CURVE('',#2079,#2016,#2083,.T.);
#1724=EDGE_CURVE('',#2084,#2085,#2086,.F.);
#1725=EDGE_CURVE('',#2084,#2002,#2087,.T.);
#1726=EDGE_CURVE('',#2001,#2085,#2088,.T.);
#1727=EDGE_CURVE('',#2089,#2089,#2090,.F.);
#1728=EDGE_CURVE('',#2019,#2091,#2092,.T.);
#1729=EDGE_CURVE('',#2020,#2093,#2094,.T.);
#1730=EDGE_CURVE('',#2093,#2091,#2095,.F.);
#1731=EDGE_CURVE('',#2068,#2091,#2096,.T.);
#1732=EDGE_CURVE('',#2097,#2067,#2098,.T.);
#1733=EDGE_CURVE('',#2022,#2097,#2099,.T.);
#1734=EDGE_CURVE('',#2024,#2100,#2101,.T.);
#1735=EDGE_CURVE('',#2097,#2100,#2102,.F.);
#1736=EDGE_CURVE('',#2056,#2100,#2103,.T.);
#1737=EDGE_CURVE('',#2104,#2055,#2105,.T.);
#1738=EDGE_CURVE('',#2026,#2104,#2106,.T.);
#1739=EDGE_CURVE('',#2028,#2107,#2108,.T.);
#1740=EDGE_CURVE('',#2104,#2107,#2109,.F.);
#1741=EDGE_CURVE('',#2044,#2107,#2110,.T.);
#1742=EDGE_CURVE('',#2111,#2043,#2112,.T.);
#1743=EDGE_CURVE('',#2030,#2111,#2113,.T.);
#1744=EDGE_CURVE('',#2032,#2114,#2115,.T.);
#1745=EDGE_CURVE('',#2111,#2114,#2116,.F.);
#1746=EDGE_CURVE('',#2080,#2114,#2117,.T.);
#1747=EDGE_CURVE('',#2093,#2079,#2118,.T.);
#1748=EDGE_CURVE('',#2107,#2049,#2119,.T.);
#1749=EDGE_CURVE('',#2111,#2084,#2120,.T.);
#1750=EDGE_CURVE('',#2104,#2048,#2121,.T.);
#1751=EDGE_CURVE('',#2100,#2061,#2122,.T.);
#1752=EDGE_CURVE('',#2097,#2060,#2123,.T.);
#1753=EDGE_CURVE('',#2091,#2073,#2124,.T.);
#1754=EDGE_CURVE('',#2093,#2072,#2125,.T.);
#1755=EDGE_CURVE('',#2114,#2085,#2126,.T.);
#1756=VERTEX_POINT('',#2127);
#1757=VERTEX_POINT('',#2128);
#1758=LINE('',#2129,#2130);
#1759=VERTEX_POINT('',#2132);
#1760=LINE('',#2133,#2134);
#1761=VERTEX_POINT('',#2136);
#1762=LINE('',#2137,#2138);
#1763=LINE('',#2140,#2141);
#1764=VERTEX_POINT('',#2143);
#1765=VERTEX_POINT('',#2144);
#1766=LINE('',#2145,#2146);
#1767=VERTEX_POINT('',#2148);
#1768=LINE('',#2149,#2150);
#1769=VERTEX_POINT('',#2152);
#1770=LINE('',#2153,#2154);
#1771=LINE('',#2156,#2157);
#1772=VERTEX_POINT('',#2159);
#1773=LINE('',#2160,#2161);
#1774=VERTEX_POINT('',#2163);
#1775=LINE('',#2164,#2165);
#1776=LINE('',#2167,#2168);
#1777=VERTEX_POINT('',#2170);
#1778=LINE('',#2171,#2172);
#1779=LINE('',#2174,#2175);
#1780=VERTEX_POINT('',#2177);
#1781=LINE('',#2178,#2179);
#1782=LINE('',#2181,#2182);
#1783=LINE('',#2184,#2185);
#1784=VERTEX_POINT('',#2187);
#1785=LINE('',#2188,#2189);
#1786=VERTEX_POINT('',#2191);
#1787=LINE('',#2192,#2193);
#1788=VERTEX_POINT('',#2195);
#1789=LINE('',#2196,#2197);
#1790=VERTEX_POINT('',#2199);
#1791=LINE('',#2200,#2201);
#1792=VERTEX_POINT('',#2203);
#1793=LINE('',#2204,#2205);
#1794=VERTEX_POINT('',#2207);
#1795=LINE('',#2208,#2209);
#1796=VERTEX_POINT('',#2211);
#1797=CIRCLE('',#2212,4.);
#1798=VERTEX_POINT('',#2216);
#1799=LINE('',#2217,#2218);
#1800=VERTEX_POINT('',#2220);
#1801=CIRCLE('',#2221,4.);
#1802=VERTEX_POINT('',#2225);
#1803=LINE('',#2226,#2227);
#1804=VERTEX_POINT('',#2229);
#1805=CIRCLE('',#2230,4.);
#1806=VERTEX_POINT('',#2234);
#1807=LINE('',#2235,#2236);
#1808=VERTEX_POINT('',#2238);
#1809=CIRCLE('',#2239,4.);
#1810=VERTEX_POINT('',#2243);
#1811=LINE('',#2244,#2245);
#1812=VERTEX_POINT('',#2247);
#1813=LINE('',#2248,#2249);
#1814=VERTEX_POINT('',#2251);
#1815=LINE('',#2252,#2253);
#1816=VERTEX_POINT('',#2255);
#1817=LINE('',#2256,#2257);
#1818=VERTEX_POINT('',#2259);
#1819=LINE('',#2260,#2261);
#1820=LINE('',#2263,#2264);
#1821=VERTEX_POINT('',#2266);
#1822=CIRCLE('',#2267,2.1);
#1823=VERTEX_POINT('',#2271);
#1824=CIRCLE('',#2272,2.1);
#1825=VERTEX_POINT('',#2276);
#1826=CIRCLE('',#2277,2.1);
#1827=VERTEX_POINT('',#2281);
#1828=CIRCLE('',#2282,2.1);
#1829=VERTEX_POINT('',#2286);
#1830=LINE('',#2287,#2288);
#1831=VERTEX_POINT('',#2290);
#1832=LINE('',#2291,#2292);
#1833=VERTEX_POINT('',#2294);
#1834=LINE('',#2295,#2296);
#1835=LINE('',#2298,#2299);
#1836=VERTEX_POINT('',#2301);
#1837=LINE('',#2302,#2303);
#1838=LINE('',#2305,#2306);
#1839=VERTEX_POINT('',#2308);
#1840=LINE('',#2309,#2310);
#1841=VERTEX_POINT('',#2312);
#1842=LINE('',#2313,#2314);
#1843=LINE('',#2316,#2317);
#1844=VERTEX_POINT('',#2319);
#1845=LINE('',#2320,#2321);
#1846=LINE('',#2323,#2324);
#1847=VERTEX_POINT('',#2326);
#1848=LINE('',#2327,#2328);
#1849=LINE('',#2330,#2331);
#1850=VERTEX_POINT('',#2333);
#1851=VERTEX_POINT('',#2334);
#1852=LINE('',#2335,#2336);
#1853=VERTEX_POINT('',#2338);
#1854=LINE('',#2339,#2340);
#1855=LINE('',#2342,#2343);
#1856=VERTEX_POINT('',#2345);
#1857=LINE('',#2346,#2347);
#1858=LINE('',#2349,#2350);
#1859=VERTEX_POINT('',#2352);
#1860=LINE('',#2353,#2354);
#1861=VERTEX_POINT('',#2356);
#1862=LINE('',#2357,#2358);
#1863=VERTEX_POINT('',#2360);
#1864=LINE('',#2361,#2362);
#1865=VERTEX_POINT('',#2364);
#1866=LINE('',#2365,#2366);
#1867=VERTEX_POINT('',#2368);
#1868=LINE('',#2369,#2370);
#1869=VERTEX_POINT('',#2372);
#1870=LINE('',#2373,#2374);
#1871=VERTEX_POINT('',#2376);
#1872=LINE('',#2377,#2378);
#1873=LINE('',#2380,#2381);
#1874=VERTEX_POINT('',#2383);
#1875=LINE('',#2384,#2385);
#1876=LINE('',#2387,#2388);
#1877=VERTEX_POINT('',#2390);
#1878=VERTEX_POINT('',#2391);
#1879=LINE('',#2392,#2393);
#1880=VERTEX_POINT('',#2395);
#1881=LINE('',#2396,#2397);
#1882=VERTEX_POINT('',#2399);
#1883=LINE('',#2400,#2401);
#1884=VERTEX_POINT('',#2403);
#1885=LINE('',#2404,#2405);
#1886=VERTEX_POINT('',#2407);
#1887=LINE('',#2408,#2409);
#1888=VERTEX_POINT('',#2411);
#1889=LINE('',#2412,#2413);
#1890=VERTEX_POINT('',#2415);
#1891=LINE('',#2416,#2417);
#1892=VERTEX_POINT('',#2419);
#1893=LINE('',#2420,#2421);
#1894=LINE('',#2423,#2424);
#1895=VERTEX_POINT('',#2426);
#1896=LINE('',#2427,#2428);
#1897=VERTEX_POINT('',#2430);
#1898=LINE('',#2431,#2432);
#1899=LINE('',#2434,#2435);
#1900=LINE('',#2437,#2438);
#1901=VERTEX_POINT('',#2440);
#1902=CIRCLE('',#2441,4.);
#1903=LINE('',#2445,#2446);
#1904=VERTEX_POINT('',#2448);
#1905=LINE('',#2449,#2450);
#1906=VERTEX_POINT('',#2452);
#1907=LINE('',#2453,#2454);
#1908=VERTEX_POINT('',#2456);
#1909=B_SPLINE_CURVE_WITH_KNOTS('',3,
(#2457,#2458,#2459,#2460,#2461,#2462,#2463,#2464,#2465,#2466,#2467,#2468,#2469,#2470),
.UNSPECIFIED.,.F.,.F.,
(4,1,1,1,1,1,1,1,1,1,1,4),
(0.,0.11509395429957,0.218418662812956,0.308546668011835,0.400016087283513,0.49019148934535,
0.580900877509433,0.672817800787412,0.764892665159671,0.864382021482838,0.942404831224004,
1.),
.UNSPECIFIED.);
#1910=LINE('',#2471,#2472);
#1911=VERTEX_POINT('',#2474);
#1912=CIRCLE('',#2475,4.);
#1913=LINE('',#2479,#2480);
#1914=VERTEX_POINT('',#2482);
#1915=LINE('',#2483,#2484);
#1916=LINE('',#2486,#2487);
#1917=VERTEX_POINT('',#2489);
#1918=CIRCLE('',#2490,4.);
#1919=LINE('',#2494,#2495);
#1920=VERTEX_POINT('',#2497);
#1921=LINE('',#2498,#2499);
#1922=VERTEX_POINT('',#2501);
#1923=B_SPLINE_CURVE_WITH_KNOTS('',3,
(#2502,#2503,#2504,#2505,#2506,#2507,#2508,#2509,#2510,#2511,#2512,#2513,#2514,#2515),
.UNSPECIFIED.,.F.,.F.,
(4,1,1,1,1,1,1,1,1,1,1,4),
(0.,0.115093954300768,0.218418662814532,0.30854666801373,0.400016087285174,0.490191489347347,
0.580900877511252,0.672817800789197,0.764892665161408,0.864382021484147,0.94240483122495,
1.),
.UNSPECIFIED.);
#1924=VERTEX_POINT('',#2516);
#1925=LINE('',#2517,#2518);
#1926=LINE('',#2520,#2521);
#1927=CIRCLE('',#2523,4.);
#1928=LINE('',#2527,#2528);
#1929=VERTEX_POINT('',#2530);
#1930=LINE('',#2531,#2532);
#1931=LINE('',#2534,#2535);
#1932=LINE('',#2537,#2538);
#1933=VERTEX_POINT('',#2540);
#1934=CIRCLE('',#2541,2.1);
#1935=VERTEX_POINT('',#2545);
#1936=CIRCLE('',#2546,2.1);
#1937=VERTEX_POINT('',#2550);
#1938=CIRCLE('',#2551,2.1);
#1939=VERTEX_POINT('',#2555);
#1940=CIRCLE('',#2556,2.1);
#1941=VERTEX_POINT('',#2560);
#1942=LINE('',#2561,#2562);
#1943=VERTEX_POINT('',#2564);
#1944=CIRCLE('',#2565,24.5);
#1945=CIRCLE('',#2569,24.5);
#1946=LINE('',#2573,#2574);
#1947=LINE('',#2576,#2577);
#1948=LINE('',#2579,#2580);
#1949=LINE('',#2582,#2583);
#1950=LINE('',#2585,#2586);
#1951=LINE('',#2588,#2589);
#1952=LINE('',#2591,#2592);
#1953=LINE('',#2594,#2595);
#1954=LINE('',#2597,#2598);
#1955=VERTEX_POINT('',#2600);
#1956=CIRCLE('',#2601,2.);
#1957=VERTEX_POINT('',#2605);
#1958=LINE('',#2606,#2607);
#1959=CIRCLE('',#2609,2.);
#1960=VERTEX_POINT('',#2613);
#1961=CIRCLE('',#2614,2.);
#1962=CIRCLE('',#2618,2.);
#1963=VERTEX_POINT('',#2622);
#1964=LINE('',#2623,#2624);
#1965=CIRCLE('',#2626,2.00000000000005);
#1966=VERTEX_POINT('',#2630);
#1967=B_SPLINE_CURVE_WITH_KNOTS('',3,
(#2631,#2632,#2633,#2634,#2635,#2636,#2637,#2638,#2639,#2640,#2641,#2642,#2643,#2644,
#2645),
.UNSPECIFIED.,.F.,.F.,
(4,1,1,1,1,1,1,1,1,1,1,1,4),
(0.,0.0642274420742449,0.123058038839631,0.184108648509606,0.25436792822149,0.339645918047341,
0.432253129103125,0.525381172247536,0.618926830147953,0.713964577386428,0.809380813387331,
0.905059902229011,1.),
.UNSPECIFIED.);
#1968=CIRCLE('',#2646,2.00000000000005);
#1969=VERTEX_POINT('',#2650);
#1970=CIRCLE('',#2651,2.);
#1971=LINE('',#2655,#2656);
#1972=VERTEX_POINT('',#2658);
#1973=CIRCLE('',#2659,1.99999999999999);
#1974=CIRCLE('',#2663,2.);
#1975=VERTEX_POINT('',#2667);
#1976=LINE('',#2668,#2669);
#1977=CIRCLE('',#2671,2.);
#1978=VERTEX_POINT('',#2675);
#1979=CIRCLE('',#2676,2.);
#1980=CIRCLE('',#2680,2.);
#1981=VERTEX_POINT('',#2684);
#1982=LINE('',#2685,#2686);
#1983=CIRCLE('',#2688,2.00000000000002);
#1984=VERTEX_POINT('',#2692);
#1985=B_SPLINE_CURVE_WITH_KNOTS('',3,
(#2693,#2694,#2695,#2696,#2697,#2698,#2699,#2700,#2701,#2702,#2703,#2704,#2705,#2706,
#2707),
.UNSPECIFIED.,.F.,.F.,
(4,1,1,1,1,1,1,1,1,1,1,1,4),
(0.,0.0642274420719049,0.123058038835131,0.184108648502854,0.254367928212882,0.339645918037592,
0.432253129092815,0.525381172237286,0.618926830137342,0.713964577376272,0.809380813376426,
0.905059902221767,1.),
.UNSPECIFIED.);
#1986=CIRCLE('',#2708,2.00000000000002);
#1987=VERTEX_POINT('',#2712);
#1988=CIRCLE('',#2713,2.);
#1989=LINE('',#2717,#2718);
#1990=CIRCLE('',#2720,1.99999999999999);
#1991=CIRCLE('',#2724,34.3564064605513);
#1992=VERTEX_POINT('',#2728);
#1993=CIRCLE('',#2729,34.3564064605513);
#1994=CIRCLE('',#2733,34.3564064605513);
#1995=VERTEX_POINT('',#2737);
#1996=CIRCLE('',#2738,17.5);
#1997=VERTEX_POINT('',#2742);
#1998=CIRCLE('',#2743,20.5);
#1999=VERTEX_POINT('',#2747);
#2000=CIRCLE('',#2748,17.5);
#2001=VERTEX_POINT('',#2752);
#2002=VERTEX_POINT('',#2753);
#2003=CIRCLE('',#2754,23.5);
#2004=VERTEX_POINT('',#2758);
#2005=B_SPLINE_CURVE_WITH_KNOTS('',3,
(#2759,#2760,#2761,#2762,#2763,#2764,#2765,#2766,#2767,#2768,#2769,#2770),
.UNSPECIFIED.,.F.,.F.,
(4,1,1,1,1,1,1,1,1,4),
(0.,0.131859800122494,0.246491796186311,0.348210505657359,0.452368134139814,0.558964681633675,
0.665211290125033,0.784795434500327,0.896900224275983,1.),
.UNSPECIFIED.);
#2006=VERTEX_POINT('',#2771);
#2007=CIRCLE('',#2772,23.5);
#2008=VERTEX_POINT('',#2776);
#2009=B_SPLINE_CURVE_WITH_KNOTS('',3,
(#2777,#2778,#2779,#2780,#2781,#2782,#2783,#2784),
.UNSPECIFIED.,.F.,.F.,
(4,1,1,1,1,4),
(0.,0.265741607074343,0.500466250788739,0.722542055613383,0.890408130646396,1.),
.UNSPECIFIED.);
#2010=VERTEX_POINT('',#2785);
#2011=B_SPLINE_CURVE_WITH_KNOTS('',3,
(#2786,#2787,#2788,#2789,#2790,#2791,#2792,#2793,#2794,#2795,#2796,#2797,#2798),
.UNSPECIFIED.,.F.,.F.,
(4,1,1,1,1,1,1,1,1,1,4),
(0.,0.0934954924968445,0.170651159026661,0.23146699958945,0.29834016035688,0.365047525737651,
0.43889633411087,0.524714201327213,0.649711045707138,0.812632330614487,1.),
.UNSPECIFIED.);
#2012=VERTEX_POINT('',#2799);
#2013=CIRCLE('',#2800,23.5);
#2014=VERTEX_POINT('',#2804);
#2015=B_SPLINE_CURVE_WITH_KNOTS('',3,
(#2805,#2806,#2807,#2808,#2809,#2810,#2811,#2812,#2813,#2814,#2815,#2816),
.UNSPECIFIED.,.F.,.F.,
(4,1,1,1,1,1,1,1,1,4),
(0.,0.131859800120884,0.246491796183676,0.348210505654766,0.452368134137155,0.558964681630842,
0.665211290122179,0.78479543449726,0.896900224274113,1.),
.UNSPECIFIED.);
#2016=VERTEX_POINT('',#2817);
#2017=CIRCLE('',#2818,23.5);
#2018=B_SPLINE_CURVE_WITH_KNOTS('',3,
(#2822,#2823,#2824,#2825,#2826,#2827,#2828,#2829,#2830,#2831,#2832,#2833),
.UNSPECIFIED.,.F.,.F.,
(4,1,1,1,1,1,1,1,1,4),
(0.,0.131859800119061,0.246491796180798,0.348210505651703,0.452368134134,0.55896468162769,
0.665211290118835,0.784795434494642,0.896900224272547,1.),
.UNSPECIFIED.);
#2019=VERTEX_POINT('',#2834);
#2020=VERTEX_POINT('',#2835);
#2021=CIRCLE('',#2836,4.);
#2022=VERTEX_POINT('',#2840);
#2023=LINE('',#2841,#2842);
#2024=VERTEX_POINT('',#2844);
#2025=CIRCLE('',#2845,4.);
#2026=VERTEX_POINT('',#2849);
#2027=LINE('',#2850,#2851);
#2028=VERTEX_POINT('',#2853);
#2029=CIRCLE('',#2854,3.99999999999999);
#2030=VERTEX_POINT('',#2858);
#2031=LINE('',#2859,#2860);
#2032=VERTEX_POINT('',#2862);
#2033=CIRCLE('',#2863,3.99999999999999);
#2034=LINE('',#2867,#2868);
#2035=VERTEX_POINT('',#2870);
#2036=CIRCLE('',#2871,2.1);
#2037=VERTEX_POINT('',#2875);
#2038=CIRCLE('',#2876,2.1);
#2039=VERTEX_POINT('',#2880);
#2040=CIRCLE('',#2881,2.1);
#2041=VERTEX_POINT('',#2885);
#2042=CIRCLE('',#2886,2.1);
#2043=VERTEX_POINT('',#2890);
#2044=VERTEX_POINT('',#2891);
#2045=B_SPLINE_CURVE_WITH_KNOTS('',3,
(#2892,#2893,#2894,#2895,#2896,#2897,#2898,#2899,#2900,#2901,#2902,#2903,#2904,#2905),
.UNSPECIFIED.,.F.,.F.,
(4,1,1,1,1,1,1,1,1,1,1,4),
(0.,0.116734272868135,0.222447891935286,0.315465577977569,0.410703594779925,0.504501384071892,
0.598755649466769,0.693514667800219,0.787311644976292,0.885365698537775,0.95576457107627,
1.),
.UNSPECIFIED.);
#2046=CIRCLE('',#2906,2.);
#2047=CIRCLE('',#2910,2.);
#2048=VERTEX_POINT('',#2914);
#2049=VERTEX_POINT('',#2915);
#2050=CIRCLE('',#2916,2.);
#2051=LINE('',#2920,#2921);
#2052=LINE('',#2923,#2924);
#2053=VERTEX_POINT('',#2926);
#2054=CIRCLE('',#2927,2.1);
#2055=VERTEX_POINT('',#2931);
#2056=VERTEX_POINT('',#2932);
#2057=B_SPLINE_CURVE_WITH_KNOTS('',3,
(#2933,#2934,#2935,#2936,#2937,#2938,#2939,#2940,#2941,#2942,#2943,#2944,#2945,#2946,
#2947),
.UNSPECIFIED.,.F.,.F.,
(4,1,1,1,1,3,1,1,1,1,4),
(0.,0.116133745250197,0.233708786112627,0.35085715838216,0.468853564047658,0.499996998899052,
0.60369974468941,0.747176396694235,0.864390319792858,0.942491792435115,1.),
.UNSPECIFIED.);
#2058=CIRCLE('',#2948,2.);
#2059=CIRCLE('',#2952,2.);
#2060=VERTEX_POINT('',#2956);
#2061=VERTEX_POINT('',#2957);
#2062=CIRCLE('',#2958,2.);
#2063=LINE('',#2962,#2963);
#2064=LINE('',#2965,#2966);
#2065=VERTEX_POINT('',#2968);
#2066=CIRCLE('',#2969,2.1);
#2067=VERTEX_POINT('',#2973);
#2068=VERTEX_POINT('',#2974);
#2069=B_SPLINE_CURVE_WITH_KNOTS('',3,
(#2975,#2976,#2977,#2978,#2979,#2980,#2981,#2982,#2983,#2984,#2985,#2986,#2987,#2988),
.UNSPECIFIED.,.F.,.F.,
(4,1,1,1,1,1,1,1,1,1,1,4),
(0.,0.116734272867698,0.22244789193478,0.315465577976987,0.410703594779471,0.504501384071329,
0.598755649466231,0.693514667799702,0.787311644975682,0.885365698536414,0.955764571075031,
1.),
.UNSPECIFIED.);
#2070=CIRCLE('',#2989,2.);
#2071=CIRCLE('',#2993,2.);
#2072=VERTEX_POINT('',#2997);
#2073=VERTEX_POINT('',#2998);
#2074=CIRCLE('',#2999,2.);
#2075=LINE('',#3003,#3004);
#2076=LINE('',#3006,#3007);
#2077=VERTEX_POINT('',#3009);
#2078=CIRCLE('',#3010,2.1);
#2079=VERTEX_POINT('',#3014);
#2080=VERTEX_POINT('',#3015);
#2081=B_SPLINE_CURVE_WITH_KNOTS('',3,
(#3016,#3017,#3018,#3019,#3020,#3021,#3022,#3023,#3024,#3025,#3026,#3027,#3028,#3029),
.UNSPECIFIED.,.F.,.F.,
(4,1,1,1,1,1,1,1,1,1,1,4),
(0.,0.116734272867944,0.222447891935161,0.31546557797735,0.41070359477987,0.504501384071762,
0.598755649466693,0.693514667800171,0.787311644976113,0.885365698536838,0.955764571075278,
1.),
.UNSPECIFIED.);
#2082=CIRCLE('',#3030,2.);
#2083=CIRCLE('',#3034,2.);
#2084=VERTEX_POINT('',#3038);
#2085=VERTEX_POINT('',#3039);
#2086=CIRCLE('',#3040,2.);
#2087=LINE('',#3044,#3045);
#2088=LINE('',#3047,#3048);
#2089=VERTEX_POINT('',#3050);
#2090=CIRCLE('',#3051,2.1);
#2091=VERTEX_POINT('',#3055);
#2092=LINE('',#3056,#3057);
#2093=VERTEX_POINT('',#3059);
#2094=LINE('',#3060,#3061);
#2095=CIRCLE('',#3063,4.);
#2096=LINE('',#3067,#3068);
#2097=VERTEX_POINT('',#3070);
#2098=LINE('',#3071,#3072);
#2099=LINE('',#3074,#3075);
#2100=VERTEX_POINT('',#3077);
#2101=LINE('',#3078,#3079);
#2102=CIRCLE('',#3081,4.);
#2103=LINE('',#3085,#3086);
#2104=VERTEX_POINT('',#3088);
#2105=LINE('',#3089,#3090);
#2106=LINE('',#3092,#3093);
#2107=VERTEX_POINT('',#3095);
#2108=LINE('',#3096,#3097);
#2109=CIRCLE('',#3099,4.);
#2110=LINE('',#3103,#3104);
#2111=VERTEX_POINT('',#3106);
#2112=LINE('',#3107,#3108);
#2113=LINE('',#3110,#3111);
#2114=VERTEX_POINT('',#3113);
#2115=LINE('',#3114,#3115);
#2116=CIRCLE('',#3117,4.);
#2117=LINE('',#3121,#3122);
#2118=LINE('',#3124,#3125);
#2119=CIRCLE('',#3127,2.);
#2120=CIRCLE('',#3131,2.);
#2121=CIRCLE('',#3135,2.);
#2122=CIRCLE('',#3139,2.);
#2123=CIRCLE('',#3143,2.);
#2124=CIRCLE('',#3147,2.);
#2125=CIRCLE('',#3151,2.);
#2126=CIRCLE('',#3155,2.);
#2127=CARTESIAN_POINT('',(35.75,25.,55.));
#2128=CARTESIAN_POINT('',(35.75,-25.,55.));
#2129=CARTESIAN_POINT('',(35.75,-25.,55.));
#2130=VECTOR('',#2131,1.);
#2131=DIRECTION('',(0.,1.,0.));
#2132=CARTESIAN_POINT('',(35.75,25.,26.));
#2133=CARTESIAN_POINT('',(35.75,25.,26.));
#2134=VECTOR('',#2135,1.);
#2135=DIRECTION('',(0.,0.,1.));
#2136=CARTESIAN_POINT('',(35.75,-25.,26.));
#2137=CARTESIAN_POINT('',(35.75,-25.,26.));
#2138=VECTOR('',#2139,1.);
#2139=DIRECTION('',(0.,1.,0.));
#2140=CARTESIAN_POINT('',(35.75,-25.,26.));
#2141=VECTOR('',#2142,1.);
#2142=DIRECTION('',(0.,0.,1.));
#2143=CARTESIAN_POINT('',(35.75,-14.,31.));
#2144=CARTESIAN_POINT('',(35.75,14.,31.));
#2145=CARTESIAN_POINT('',(35.75,-14.,31.));
#2146=VECTOR('',#2147,1.);
#2147=DIRECTION('',(0.,1.,0.));
#2148=CARTESIAN_POINT('',(35.75,14.,49.));
#2149=CARTESIAN_POINT('',(35.75,14.,31.));
#2150=VECTOR('',#2151,1.);
#2151=DIRECTION('',(0.,9.86864910777917E-17,1.));
#2152=CARTESIAN_POINT('',(35.75,-14.,49.));
#2153=CARTESIAN_POINT('',(35.75,14.,49.));
#2154=VECTOR('',#2155,1.);
#2155=DIRECTION('',(0.,-1.,0.));
#2156=CARTESIAN_POINT('',(35.75,-14.,49.));
#2157=VECTOR('',#2158,1.);
#2158=DIRECTION('',(0.,-9.86864910777917E-17,-1.));
#2159=CARTESIAN_POINT('',(37.25,14.,31.));
#2160=CARTESIAN_POINT('',(37.25,14.,31.));
#2161=VECTOR('',#2162,1.);
#2162=DIRECTION('',(-1.,0.,0.));
#2163=CARTESIAN_POINT('',(37.25,14.,49.));
#2164=CARTESIAN_POINT('',(37.25,14.,49.));
#2165=VECTOR('',#2166,1.);
#2166=DIRECTION('',(0.,-9.86864910777917E-17,-1.));
#2167=CARTESIAN_POINT('',(37.25,14.,49.));
#2168=VECTOR('',#2169,1.);
#2169=DIRECTION('',(-1.,0.,0.));
#2170=CARTESIAN_POINT('',(37.25,-14.,49.));
#2171=CARTESIAN_POINT('',(37.25,-14.,49.));
#2172=VECTOR('',#2173,1.);
#2173=DIRECTION('',(0.,1.,0.));
#2174=CARTESIAN_POINT('',(37.25,-14.,49.));
#2175=VECTOR('',#2176,1.);
#2176=DIRECTION('',(-1.,0.,0.));
#2177=CARTESIAN_POINT('',(37.25,-14.,31.));
#2178=CARTESIAN_POINT('',(37.25,-14.,31.));
#2179=VECTOR('',#2180,1.);
#2180=DIRECTION('',(0.,9.86864910777917E-17,1.));
#2181=CARTESIAN_POINT('',(37.25,-14.,31.));
#2182=VECTOR('',#2183,1.);
#2183=DIRECTION('',(-1.,0.,0.));
#2184=CARTESIAN_POINT('',(37.25,14.,31.));
#2185=VECTOR('',#2186,1.);
#2186=DIRECTION('',(0.,-1.,0.));
#2187=CARTESIAN_POINT('',(32.75,-25.,55.));
#2188=CARTESIAN_POINT('',(32.75,-25.,55.));
#2189=VECTOR('',#2190,1.);
#2190=DIRECTION('',(1.,0.,0.));
#2191=CARTESIAN_POINT('',(32.75,-27.05,55.));
#2192=CARTESIAN_POINT('',(32.75,-27.05,55.));
#2193=VECTOR('',#2194,1.);
#2194=DIRECTION('',(0.,1.,0.));
#2195=CARTESIAN_POINT('',(-32.75,-27.05,55.));
#2196=CARTESIAN_POINT('',(-32.75,-27.05,55.));
#2197=VECTOR('',#2198,1.);
#2198=DIRECTION('',(1.,-1.08479806986275E-16,0.));
#2199=CARTESIAN_POINT('',(-32.75,-15.05,55.));
#2200=CARTESIAN_POINT('',(-32.75,-15.05,55.));
#2201=VECTOR('',#2202,1.);
#2202=DIRECTION('',(0.,-1.,0.));
#2203=CARTESIAN_POINT('',(-40.75,-15.05,55.));
#2204=CARTESIAN_POINT('',(-40.75,-15.05,55.));
#2205=VECTOR('',#2206,1.);
#2206=DIRECTION('',(1.,0.,0.));
#2207=CARTESIAN_POINT('',(-40.75,-31.05,55.));
#2208=CARTESIAN_POINT('',(-40.75,-15.05,55.));
#2209=VECTOR('',#2210,1.);
#2210=DIRECTION('',(0.,-1.,0.));
#2211=CARTESIAN_POINT('',(-36.75,-35.05,55.));
#2212=AXIS2_PLACEMENT_3D('',#2213,#2214,#2215);
#2213=CARTESIAN_POINT('',(-36.75,-31.05,55.));
#2214=DIRECTION('',(0.,0.,1.));
#2215=DIRECTION('',(-1.,8.88178419700125E-16,0.));
#2216=CARTESIAN_POINT('',(36.75,-35.05,55.));
#2217=CARTESIAN_POINT('',(-36.75,-35.05,55.));
#2218=VECTOR('',#2219,1.);
#2219=DIRECTION('',(1.,0.,0.));
#2220=CARTESIAN_POINT('',(40.75,-31.05,55.));
#2221=AXIS2_PLACEMENT_3D('',#2222,#2223,#2224);
#2222=CARTESIAN_POINT('',(36.75,-31.05,55.));
#2223=DIRECTION('',(0.,0.,1.));
#2224=DIRECTION('',(-1.77635683940025E-15,-1.,0.));
#2225=CARTESIAN_POINT('',(40.75,31.05,55.));
#2226=CARTESIAN_POINT('',(40.75,-31.05,55.));
#2227=VECTOR('',#2228,1.);
#2228=DIRECTION('',(0.,1.,0.));
#2229=CARTESIAN_POINT('',(36.75,35.05,55.));
#2230=AXIS2_PLACEMENT_3D('',#2231,#2232,#2233);
#2231=CARTESIAN_POINT('',(36.75,31.05,55.));
#2232=DIRECTION('',(0.,0.,1.));
#2233=DIRECTION('',(1.,-8.88178419700125E-16,0.));
#2234=CARTESIAN_POINT('',(-36.75,35.05,55.));
#2235=CARTESIAN_POINT('',(36.75,35.05,55.));
#2236=VECTOR('',#2237,1.);
#2237=DIRECTION('',(-1.,0.,0.));
#2238=CARTESIAN_POINT('',(-40.75,31.05,55.));
#2239=AXIS2_PLACEMENT_3D('',#2240,#2241,#2242);
#2240=CARTESIAN_POINT('',(-36.75,31.05,55.));
#2241=DIRECTION('',(0.,0.,1.));
#2242=DIRECTION('',(0.,1.,0.));
#2243=CARTESIAN_POINT('',(-40.75,15.05,55.));
#2244=CARTESIAN_POINT('',(-40.75,31.05,55.));
#2245=VECTOR('',#2246,1.);
#2246=DIRECTION('',(0.,-1.,0.));
#2247=CARTESIAN_POINT('',(-32.75,15.05,55.));
#2248=CARTESIAN_POINT('',(-32.75,15.05,55.));
#2249=VECTOR('',#2250,1.);
#2250=DIRECTION('',(-1.,2.22044604925031E-16,0.));
#2251=CARTESIAN_POINT('',(-32.75,27.05,55.));
#2252=CARTESIAN_POINT('',(-32.75,27.05,55.));
#2253=VECTOR('',#2254,1.);
#2254=DIRECTION('',(0.,-1.,0.));
#2255=CARTESIAN_POINT('',(32.75,27.05,55.));
#2256=CARTESIAN_POINT('',(32.75,27.05,55.));
#2257=VECTOR('',#2258,1.);
#2258=DIRECTION('',(-1.,1.08479806986275E-16,0.));
#2259=CARTESIAN_POINT('',(32.75,25.,55.));
#2260=CARTESIAN_POINT('',(32.75,25.,55.));
#2261=VECTOR('',#2262,1.);
#2262=DIRECTION('',(0.,1.,0.));
#2263=CARTESIAN_POINT('',(35.75,25.,55.));
#2264=VECTOR('',#2265,1.);
#2265=DIRECTION('',(-1.,0.,0.));
#2266=CARTESIAN_POINT('',(35.75,-27.95,55.));
#2267=AXIS2_PLACEMENT_3D('',#2268,#2269,#2270);
#2268=CARTESIAN_POINT('',(35.75,-30.05,55.));
#2269=DIRECTION('',(0.,0.,1.));
#2270=DIRECTION('',(6.12323399573677E-17,1.,0.));
#2271=CARTESIAN_POINT('',(-35.75,-27.95,55.));
#2272=AXIS2_PLACEMENT_3D('',#2273,#2274,#2275);
#2273=CARTESIAN_POINT('',(-35.75,-30.05,55.));
#2274=DIRECTION('',(0.,0.,1.));
#2275=DIRECTION('',(6.12323399573677E-17,1.,0.));
#2276=CARTESIAN_POINT('',(35.75,32.15,55.));
#2277=AXIS2_PLACEMENT_3D('',#2278,#2279,#2280);
#2278=CARTESIAN_POINT('',(35.75,30.05,55.));
#2279=DIRECTION('',(0.,0.,1.));
#2280=DIRECTION('',(6.12323399573677E-17,1.,0.));
#2281=CARTESIAN_POINT('',(-35.75,32.15,55.));
#2282=AXIS2_PLACEMENT_3D('',#2283,#2284,#2285);
#2283=CARTESIAN_POINT('',(-35.75,30.05,55.));
#2284=DIRECTION('',(0.,0.,1.));
#2285=DIRECTION('',(6.12323399573677E-17,1.,0.));
#2286=CARTESIAN_POINT('',(32.75,25.,27.));
#2287=CARTESIAN_POINT('',(32.75,25.,27.));
#2288=VECTOR('',#2289,1.);
#2289=DIRECTION('',(0.,0.,1.));
#2290=CARTESIAN_POINT('',(24.5,25.,27.));
#2291=CARTESIAN_POINT('',(32.75,25.,27.));
#2292=VECTOR('',#2293,1.);
#2293=DIRECTION('',(-1.,8.61263922133455E-16,0.));
#2294=CARTESIAN_POINT('',(24.5,25.,26.));
#2295=CARTESIAN_POINT('',(24.5,25.,26.));
#2296=VECTOR('',#2297,1.);
#2297=DIRECTION('',(0.,0.,1.));
#2298=CARTESIAN_POINT('',(35.75,25.,26.));
#2299=VECTOR('',#2300,1.);
#2300=DIRECTION('',(-1.,6.31593542897867E-16,0.));
#2301=CARTESIAN_POINT('',(24.5,-25.,26.));
#2302=CARTESIAN_POINT('',(24.5,25.,26.));
#2303=VECTOR('',#2304,1.);
#2304=DIRECTION('',(7.105427357601E-17,-1.,0.));
#2305=CARTESIAN_POINT('',(24.5,-25.,26.));
#2306=VECTOR('',#2307,1.);
#2307=DIRECTION('',(1.,-3.15796771448934E-16,0.));
#2308=CARTESIAN_POINT('',(24.5,-25.,27.));
#2309=CARTESIAN_POINT('',(24.5,-25.,26.));
#2310=VECTOR('',#2311,1.);
#2311=DIRECTION('',(0.,0.,1.));
#2312=CARTESIAN_POINT('',(32.75,-25.,27.));
#2313=CARTESIAN_POINT('',(24.5,-25.,27.));
#2314=VECTOR('',#2315,1.);
#2315=DIRECTION('',(1.,-4.30631961066728E-16,0.));
#2316=CARTESIAN_POINT('',(32.75,-25.,55.));
#2317=VECTOR('',#2318,1.);
#2318=DIRECTION('',(0.,0.,-1.));
#2319=CARTESIAN_POINT('',(32.75,-27.05,27.));
#2320=CARTESIAN_POINT('',(32.75,-27.05,27.));
#2321=VECTOR('',#2322,1.);
#2322=DIRECTION('',(0.,1.,0.));
#2323=CARTESIAN_POINT('',(32.75,-27.05,27.));
#2324=VECTOR('',#2325,1.);
#2325=DIRECTION('',(0.,0.,1.));
#2326=CARTESIAN_POINT('',(-32.75,-27.05,27.));
#2327=CARTESIAN_POINT('',(-32.75,-27.05,27.));
#2328=VECTOR('',#2329,1.);
#2329=DIRECTION('',(1.,-1.08479806986275E-16,0.));
#2330=CARTESIAN_POINT('',(-32.75,-27.05,27.));
#2331=VECTOR('',#2332,1.);
#2332=DIRECTION('',(0.,1.26882631385732E-16,1.));
#2333=CARTESIAN_POINT('',(-32.75,-9.04999999999999,55.));
#2334=CARTESIAN_POINT('',(-32.75,-9.05,34.5));
#2335=CARTESIAN_POINT('',(-32.75,-9.04999999999999,55.));
#2336=VECTOR('',#2337,1.);
#2337=DIRECTION('',(0.,0.,-1.));
#2338=CARTESIAN_POINT('',(-32.75,-15.05,34.5));
#2339=CARTESIAN_POINT('',(-32.75,-15.05,34.5));
#2340=VECTOR('',#2341,1.);
#2341=DIRECTION('',(0.,1.,0.));
#2342=CARTESIAN_POINT('',(-32.75,-15.05,34.5));
#2343=VECTOR('',#2344,1.);
#2344=DIRECTION('',(0.,0.,1.));
#2345=CARTESIAN_POINT('',(-32.75,27.05,27.));
#2346=CARTESIAN_POINT('',(-32.75,27.05,27.));
#2347=VECTOR('',#2348,1.);
#2348=DIRECTION('',(0.,-1.,0.));
#2349=CARTESIAN_POINT('',(-32.75,27.05,27.));
#2350=VECTOR('',#2351,1.);
#2351=DIRECTION('',(0.,0.,1.));
#2352=CARTESIAN_POINT('',(-32.75,15.05,34.5));
#2353=CARTESIAN_POINT('',(-32.75,15.05,55.));
#2354=VECTOR('',#2355,1.);
#2355=DIRECTION('',(0.,0.,-1.));
#2356=CARTESIAN_POINT('',(-32.75,9.05,34.5));
#2357=CARTESIAN_POINT('',(-32.75,9.05000000000001,34.5));
#2358=VECTOR('',#2359,1.);
#2359=DIRECTION('',(0.,1.,0.));
#2360=CARTESIAN_POINT('',(-32.75,9.05000000000001,55.));
#2361=CARTESIAN_POINT('',(-32.75,9.05000000000001,34.5));
#2362=VECTOR('',#2363,1.);
#2363=DIRECTION('',(0.,0.,1.));
#2364=CARTESIAN_POINT('',(-32.75,3.,55.));
#2365=CARTESIAN_POINT('',(-32.75,9.05000000000001,55.));
#2366=VECTOR('',#2367,1.);
#2367=DIRECTION('',(0.,-1.,0.));
#2368=CARTESIAN_POINT('',(-32.75,3.,34.5));
#2369=CARTESIAN_POINT('',(-32.75,3.,55.));
#2370=VECTOR('',#2371,1.);
#2371=DIRECTION('',(0.,0.,-1.));
#2372=CARTESIAN_POINT('',(-32.75,-3.,34.5));
#2373=CARTESIAN_POINT('',(-32.75,-2.99999999999999,34.5));
#2374=VECTOR('',#2375,1.);
#2375=DIRECTION('',(0.,1.,0.));
#2376=CARTESIAN_POINT('',(-32.75,-3.,55.));
#2377=CARTESIAN_POINT('',(-32.75,-2.99999999999999,34.5));
#2378=VECTOR('',#2379,1.);
#2379=DIRECTION('',(0.,0.,1.));
#2380=CARTESIAN_POINT('',(-32.75,-3.,55.));
#2381=VECTOR('',#2382,1.);
#2382=DIRECTION('',(0.,-1.,0.));
#2383=CARTESIAN_POINT('',(-40.75,-15.05,34.5));
#2384=CARTESIAN_POINT('',(-40.75,-15.05,34.5));
#2385=VECTOR('',#2386,1.);
#2386=DIRECTION('',(1.,0.,0.));
#2387=CARTESIAN_POINT('',(-40.75,-15.05,34.5));
#2388=VECTOR('',#2389,1.);
#2389=DIRECTION('',(0.,0.,1.));
#2390=CARTESIAN_POINT('',(-40.75,-9.04999999999999,34.5));
#2391=CARTESIAN_POINT('',(-40.75,-9.05,55.));
#2392=CARTESIAN_POINT('',(-40.75,-9.05,55.));
#2393=VECTOR('',#2394,1.);
#2394=DIRECTION('',(0.,0.,-1.));
#2395=CARTESIAN_POINT('',(-40.75,-3.,55.));
#2396=CARTESIAN_POINT('',(-40.75,-3.,55.));
#2397=VECTOR('',#2398,1.);
#2398=DIRECTION('',(0.,-1.,0.));
#2399=CARTESIAN_POINT('',(-40.75,-3.,34.5));
#2400=CARTESIAN_POINT('',(-40.75,-2.99999999999999,34.5));
#2401=VECTOR('',#2402,1.);
#2402=DIRECTION('',(0.,0.,1.));
#2403=CARTESIAN_POINT('',(-40.75,3.,34.5));
#2404=CARTESIAN_POINT('',(-40.75,-3.,34.5));
#2405=VECTOR('',#2406,1.);
#2406=DIRECTION('',(0.,1.,0.));
#2407=CARTESIAN_POINT('',(-40.75,3.,55.));
#2408=CARTESIAN_POINT('',(-40.75,3.,55.));
#2409=VECTOR('',#2410,1.);
#2410=DIRECTION('',(0.,0.,-1.));
#2411=CARTESIAN_POINT('',(-40.75,9.05,55.));
#2412=CARTESIAN_POINT('',(-40.75,9.05,55.));
#2413=VECTOR('',#2414,1.);
#2414=DIRECTION('',(0.,-1.,0.));
#2415=CARTESIAN_POINT('',(-40.75,9.05,34.5));
#2416=CARTESIAN_POINT('',(-40.75,9.05,34.5));
#2417=VECTOR('',#2418,1.);
#2418=DIRECTION('',(0.,0.,1.));
#2419=CARTESIAN_POINT('',(-40.75,15.05,34.5));
#2420=CARTESIAN_POINT('',(-40.75,9.05,34.5));
#2421=VECTOR('',#2422,1.);
#2422=DIRECTION('',(0.,1.,0.));
#2423=CARTESIAN_POINT('',(-40.75,15.05,55.));
#2424=VECTOR('',#2425,1.);
#2425=DIRECTION('',(0.,0.,-1.));
#2426=CARTESIAN_POINT('',(-40.75,31.05,22.));
#2427=CARTESIAN_POINT('',(-40.75,31.05,22.));
#2428=VECTOR('',#2429,1.);
#2429=DIRECTION('',(0.,0.,1.));
#2430=CARTESIAN_POINT('',(-40.75,-31.05,22.));
#2431=CARTESIAN_POINT('',(-40.75,31.05,22.));
#2432=VECTOR('',#2433,1.);
#2433=DIRECTION('',(0.,-1.,0.));
#2434=CARTESIAN_POINT('',(-40.75,-31.05,22.));
#2435=VECTOR('',#2436,1.);
#2436=DIRECTION('',(0.,0.,1.));
#2437=CARTESIAN_POINT('',(-40.75,-15.05,34.5));
#2438=VECTOR('',#2439,1.);
#2439=DIRECTION('',(0.,1.,0.));
#2440=CARTESIAN_POINT('',(-36.75,-35.05,22.));
#2441=AXIS2_PLACEMENT_3D('',#2442,#2443,#2444);
#2442=CARTESIAN_POINT('',(-36.75,-31.05,22.));
#2443=DIRECTION('',(0.,0.,1.));
#2444=DIRECTION('',(-1.,-6.12323399573677E-17,0.));
#2445=CARTESIAN_POINT('',(-36.75,-35.05,22.));
#2446=VECTOR('',#2447,1.);
#2447=DIRECTION('',(0.,0.,1.));
#2448=CARTESIAN_POINT('',(36.75,-35.05,22.));
#2449=CARTESIAN_POINT('',(36.75,-35.05,22.));
#2450=VECTOR('',#2451,1.);
#2451=DIRECTION('',(0.,0.,1.));
#2452=CARTESIAN_POINT('',(-9.38403777073694,-35.05,22.));
#2453=CARTESIAN_POINT('',(-36.75,-35.05,22.));
#2454=VECTOR('',#2455,1.);
#2455=DIRECTION('',(1.,0.,0.));
#2456=CARTESIAN_POINT('',(9.38403777073717,-35.05,22.));
#2457=CARTESIAN_POINT('',(-9.38403777073694,-35.05,22.));
#2458=CARTESIAN_POINT('',(-8.66057997316083,-35.05,22.0000000000001));
#2459=CARTESIAN_POINT('',(-7.28996934713055,-35.05,21.9931234871383));
#2460=CARTESIAN_POINT('',(-5.35845280273093,-35.05,21.9760113310866));
#2461=CARTESIAN_POINT('',(-3.57735392139019,-35.05,21.9605509007702));
#2462=CARTESIAN_POINT('',(-1.88020108338741,-35.05,21.9497999435113));
#2463=CARTESIAN_POINT('',(-0.180292161522376,-35.05,21.9454132883822));
#2464=CARTESIAN_POINT('',(1.52231723717179,-35.05,21.9482796527742));
#2465=CARTESIAN_POINT('',(3.23751239112074,-35.05,21.9579602671079));
#2466=CARTESIAN_POINT('',(5.00914166392192,-35.05,21.9728095320741));
#2467=CARTESIAN_POINT('',(6.69637591609274,-35.05,21.9880774264843));
#2468=CARTESIAN_POINT('',(8.17044514895143,-35.05,21.9978468060446));
#2469=CARTESIAN_POINT('',(9.02208669752682,-35.05,22.0000000000024));
#2470=CARTESIAN_POINT('',(9.38403777073719,-35.05,22.0000000000024));
#2471=CARTESIAN_POINT('',(9.38403777073717,-35.05,22.));
#2472=VECTOR('',#2473,1.);
#2473=DIRECTION('',(1.,0.,0.));
#2474=CARTESIAN_POINT('',(40.75,-31.05,22.));
#2475=AXIS2_PLACEMENT_3D('',#2476,#2477,#2478);
#2476=CARTESIAN_POINT('',(36.75,-31.05,22.));
#2477=DIRECTION('',(0.,0.,1.));
#2478=DIRECTION('',(6.12323399573677E-17,-1.,0.));
#2479=CARTESIAN_POINT('',(40.75,-31.05,22.));
#2480=VECTOR('',#2481,1.);
#2481=DIRECTION('',(0.,0.,1.));
#2482=CARTESIAN_POINT('',(40.75,31.05,22.));
#2483=CARTESIAN_POINT('',(40.75,-31.05,22.));
#2484=VECTOR('',#2485,1.);
#2485=DIRECTION('',(0.,1.,0.));
#2486=CARTESIAN_POINT('',(40.75,31.05,22.));
#2487=VECTOR('',#2488,1.);
#2488=DIRECTION('',(0.,0.,1.));
#2489=CARTESIAN_POINT('',(36.75,35.05,22.));
#2490=AXIS2_PLACEMENT_3D('',#2491,#2492,#2493);
#2491=CARTESIAN_POINT('',(36.75,31.05,22.));
#2492=DIRECTION('',(0.,0.,1.));
#2493=DIRECTION('',(1.,6.12323399573677E-17,0.));
#2494=CARTESIAN_POINT('',(36.75,35.05,22.));
#2495=VECTOR('',#2496,1.);
#2496=DIRECTION('',(0.,0.,1.));
#2497=CARTESIAN_POINT('',(9.38403777073628,35.05,22.));
#2498=CARTESIAN_POINT('',(36.75,35.05,22.));
#2499=VECTOR('',#2500,1.);
#2500=DIRECTION('',(-1.,0.,0.));
#2501=CARTESIAN_POINT('',(-9.38403777073604,35.05,22.));
#2502=CARTESIAN_POINT('',(9.38403777073628,35.05,22.));
#2503=CARTESIAN_POINT('',(8.66057997315263,35.05,22.0000000000002));
#2504=CARTESIAN_POINT('',(7.28996934711255,35.05,21.9931234871384));
#2505=CARTESIAN_POINT('',(5.35845280270135,35.05,21.9760113310866));
#2506=CARTESIAN_POINT('',(3.57735392135792,35.05,21.9605509007704));
#2507=CARTESIAN_POINT('',(1.88020108335272,35.05,21.9497999435117));
#2508=CARTESIAN_POINT('',(0.180292161488298,35.05,21.9454132883828));
#2509=CARTESIAN_POINT('',(-1.52231723720647,35.05,21.9482796527752));
#2510=CARTESIAN_POINT('',(-3.23751239115365,35.05,21.957960267109));
#2511=CARTESIAN_POINT('',(-5.00914166395151,35.05,21.9728095320754));
#2512=CARTESIAN_POINT('',(-6.69637591611698,35.05,21.9880774264857));
#2513=CARTESIAN_POINT('',(-8.17044514896471,35.05,21.997846806046));
#2514=CARTESIAN_POINT('',(-9.02208669753174,35.05,22.0000000000037));
#2515=CARTESIAN_POINT('',(-9.38403777073607,35.05,22.0000000000038));
#2516=CARTESIAN_POINT('',(-36.75,35.05,22.));
#2517=CARTESIAN_POINT('',(-9.38403777073604,35.05,22.));
#2518=VECTOR('',#2519,1.);
#2519=DIRECTION('',(-1.,0.,0.));
#2520=CARTESIAN_POINT('',(-36.75,35.05,22.));
#2521=VECTOR('',#2522,1.);
#2522=DIRECTION('',(0.,0.,1.));
#2523=AXIS2_PLACEMENT_3D('',#2524,#2525,#2526);
#2524=CARTESIAN_POINT('',(-36.75,31.05,22.));
#2525=DIRECTION('',(0.,0.,1.));
#2526=DIRECTION('',(-6.12323399573677E-17,1.,0.));
#2527=CARTESIAN_POINT('',(-32.75,15.05,34.5));
#2528=VECTOR('',#2529,1.);
#2529=DIRECTION('',(-1.,0.,0.));
#2530=CARTESIAN_POINT('',(32.75,27.05,27.));
#2531=CARTESIAN_POINT('',(32.75,27.05,27.));
#2532=VECTOR('',#2533,1.);
#2533=DIRECTION('',(-1.,1.08479806986275E-16,0.));
#2534=CARTESIAN_POINT('',(32.75,27.05,27.));
#2535=VECTOR('',#2536,1.);
#2536=DIRECTION('',(0.,-1.26882631385732E-16,1.));
#2537=CARTESIAN_POINT('',(32.75,25.,27.));
#2538=VECTOR('',#2539,1.);
#2539=DIRECTION('',(0.,1.,0.));
#2540=CARTESIAN_POINT('',(35.75,-27.95,20.));
#2541=AXIS2_PLACEMENT_3D('',#2542,#2543,#2544);
#2542=CARTESIAN_POINT('',(35.75,-30.05,20.));
#2543=DIRECTION('',(0.,0.,1.));
#2544=DIRECTION('',(6.12323399573677E-17,1.,0.));
#2545=CARTESIAN_POINT('',(-35.75,-27.95,20.));
#2546=AXIS2_PLACEMENT_3D('',#2547,#2548,#2549);
#2547=CARTESIAN_POINT('',(-35.75,-30.05,20.));
#2548=DIRECTION('',(0.,0.,1.));
#2549=DIRECTION('',(6.12323399573677E-17,1.,0.));
#2550=CARTESIAN_POINT('',(35.75,32.15,20.));
#2551=AXIS2_PLACEMENT_3D('',#2552,#2553,#2554);
#2552=CARTESIAN_POINT('',(35.75,30.05,20.));
#2553=DIRECTION('',(0.,0.,1.));
#2554=DIRECTION('',(6.12323399573677E-17,1.,0.));
#2555=CARTESIAN_POINT('',(-35.75,32.15,20.));
#2556=AXIS2_PLACEMENT_3D('',#2557,#2558,#2559);
#2557=CARTESIAN_POINT('',(-35.75,30.05,20.));
#2558=DIRECTION('',(0.,0.,1.));
#2559=DIRECTION('',(6.12323399573677E-17,1.,0.));
#2560=CARTESIAN_POINT('',(24.5,-6.00076931582203E-15,27.));
#2561=CARTESIAN_POINT('',(24.5,-2.526453003878E-15,27.));
#2562=VECTOR('',#2563,1.);
#2563=DIRECTION('',(1.4210854715202E-16,-1.,0.));
#2564=CARTESIAN_POINT('',(8.05329066566702E-15,24.5,27.));
#2565=AXIS2_PLACEMENT_3D('',#2566,#2567,#2568);
#2566=CARTESIAN_POINT('',(3.5527136788005E-15,-2.17540971751503E-31,27.));
#2567=DIRECTION('',(0.,0.,1.));
#2568=DIRECTION('',(6.12323399573677E-17,1.,0.));
#2569=AXIS2_PLACEMENT_3D('',#2570,#2571,#2572);
#2570=CARTESIAN_POINT('',(3.5527136788005E-15,-2.17540971751503E-31,27.));
#2571=DIRECTION('',(0.,0.,1.));
#2572=DIRECTION('',(1.,-2.44929359829471E-16,0.));
#2573=CARTESIAN_POINT('',(24.5,25.,27.));
#2574=VECTOR('',#2575,1.);
#2575=DIRECTION('',(0.,-1.,0.));
#2576=CARTESIAN_POINT('',(-32.75,-9.05,55.));
#2577=VECTOR('',#2578,1.);
#2578=DIRECTION('',(-1.,2.22044604925031E-16,0.));
#2579=CARTESIAN_POINT('',(-32.75,-9.05,34.5));
#2580=VECTOR('',#2581,1.);
#2581=DIRECTION('',(-1.,2.22044604925031E-16,0.));
#2582=CARTESIAN_POINT('',(-40.75,9.05,34.5));
#2583=VECTOR('',#2584,1.);
#2584=DIRECTION('',(1.,0.,0.));
#2585=CARTESIAN_POINT('',(-40.75,9.05,55.));
#2586=VECTOR('',#2587,1.);
#2587=DIRECTION('',(1.,0.,0.));
#2588=CARTESIAN_POINT('',(-32.75,3.,55.));
#2589=VECTOR('',#2590,1.);
#2590=DIRECTION('',(-1.,5.55111512312578E-17,0.));
#2591=CARTESIAN_POINT('',(-32.75,3.,34.5));
#2592=VECTOR('',#2593,1.);
#2593=DIRECTION('',(-1.,5.55111512312578E-17,0.));
#2594=CARTESIAN_POINT('',(-40.75,-3.,34.5));
#2595=VECTOR('',#2596,1.);
#2596=DIRECTION('',(1.,-5.55111512312578E-17,0.));
#2597=CARTESIAN_POINT('',(-40.75,-3.,55.));
#2598=VECTOR('',#2599,1.);
#2599=DIRECTION('',(1.,0.,0.));
#2600=CARTESIAN_POINT('',(-38.75,31.05,20.));
#2601=AXIS2_PLACEMENT_3D('',#2602,#2603,#2604);
#2602=CARTESIAN_POINT('',(-38.75,31.05,22.));
#2603=DIRECTION('',(0.,-1.,0.));
#2604=DIRECTION('',(-1.,0.,6.04901474817726E-16));
#2605=CARTESIAN_POINT('',(-38.75,-31.05,20.));
#2606=CARTESIAN_POINT('',(-38.75,31.05,20.));
#2607=VECTOR('',#2608,1.);
#2608=DIRECTION('',(0.,-1.,0.));
#2609=AXIS2_PLACEMENT_3D('',#2610,#2611,#2612);
#2610=CARTESIAN_POINT('',(-38.75,-31.05,22.));
#2611=DIRECTION('',(0.,-1.,0.));
#2612=DIRECTION('',(-1.,0.,3.82856869892695E-16));
#2613=CARTESIAN_POINT('',(-36.75,-33.05,20.));
#2614=AXIS2_PLACEMENT_3D('',#2615,#2616,#2617);
#2615=CARTESIAN_POINT('',(-36.75,-31.05,20.));
#2616=DIRECTION('',(0.,0.,-1.));
#2617=DIRECTION('',(0.,-1.,0.));
#2618=AXIS2_PLACEMENT_3D('',#2619,#2620,#2621);
#2619=CARTESIAN_POINT('',(-36.75,-33.05,22.));
#2620=DIRECTION('',(1.,0.,0.));
#2621=DIRECTION('',(0.,-1.,6.04901474817726E-16));
#2622=CARTESIAN_POINT('',(-9.38403777073693,-33.05,20.));
#2623=CARTESIAN_POINT('',(-36.75,-33.05,20.));
#2624=VECTOR('',#2625,1.);
#2625=DIRECTION('',(1.,0.,0.));
#2626=AXIS2_PLACEMENT_3D('',#2627,#2628,#2629);
#2627=CARTESIAN_POINT('',(-9.38403777073694,-33.0499999999999,22.0000000000001));
#2628=DIRECTION('',(1.,3.67895547246908E-16,3.92060922604742E-15));
#2629=DIRECTION('',(3.67895547246998E-16,-1.,-2.30926389122027E-14));
#2630=CARTESIAN_POINT('',(9.38403777073716,-33.0499999999999,20.));
#2631=CARTESIAN_POINT('',(-9.38403777073693,-33.05,20.));
#2632=CARTESIAN_POINT('',(-8.98475438481485,-33.0632375018285,20.));
#2633=CARTESIAN_POINT('',(-8.21804935290898,-33.0873442534812,19.9980995022362));
#2634=CARTESIAN_POINT('',(-7.06803800014796,-33.1194090125589,19.9916751227501));
#2635=CARTESIAN_POINT('',(-5.88039796577682,-33.1481507768796,19.9830208247421));
#2636=CARTESIAN_POINT('',(-4.52515334008311,-33.1751886601673,19.9724041664382));
#2637=CARTESIAN_POINT('',(-2.9708008680578,-33.1979691919696,19.9615428193035));
#2638=CARTESIAN_POINT('',(-1.27155857825427,-33.2121300874996,19.9539241788946));
#2639=CARTESIAN_POINT('',(0.480239974345595,-33.2148555039015,19.9523864874929));
#2640=CARTESIAN_POINT('',(2.24700808329445,-33.2055107331575,19.9575674164486));
#2641=CARTESIAN_POINT('',(4.02680483343934,-33.1839923299305,19.9684954381632));
#2642=CARTESIAN_POINT('',(5.81764379765928,-33.1505125554519,19.9826051528488));
#2643=CARTESIAN_POINT('',(7.60467565158387,-33.1059776597763,19.9956539513054));
#2644=CARTESIAN_POINT('',(8.79296887480721,-33.069595795534,20.));
#2645=CARTESIAN_POINT('',(9.38403777073715,-33.0499999999999,20.));
#2646=AXIS2_PLACEMENT_3D('',#2647,#2648,#2649);
#2647=CARTESIAN_POINT('',(9.38403777073717,-33.0499999999999,22.0000000000001));
#2648=DIRECTION('',(1.,-1.07754111020273E-16,-6.32500304892115E-15));
#2649=DIRECTION('',(-1.07754111020431E-16,-1.,-2.48689957516029E-14));
#2650=CARTESIAN_POINT('',(36.75,-33.05,20.));
#2651=AXIS2_PLACEMENT_3D('',#2652,#2653,#2654);
#2652=CARTESIAN_POINT('',(36.75,-33.05,22.));
#2653=DIRECTION('',(1.,0.,0.));
#2654=DIRECTION('',(0.,-1.,3.82856869892695E-16));
#2655=CARTESIAN_POINT('',(9.38403777073717,-33.05,20.));
#2656=VECTOR('',#2657,1.);
#2657=DIRECTION('',(1.,0.,0.));
#2658=CARTESIAN_POINT('',(38.75,-31.05,20.));
#2659=AXIS2_PLACEMENT_3D('',#2660,#2661,#2662);
#2660=CARTESIAN_POINT('',(36.75,-31.05,20.));
#2661=DIRECTION('',(0.,0.,-1.));
#2662=DIRECTION('',(1.,-3.55271367880051E-15,0.));
#2663=AXIS2_PLACEMENT_3D('',#2664,#2665,#2666);
#2664=CARTESIAN_POINT('',(38.75,-31.05,22.));
#2665=DIRECTION('',(0.,1.,0.));
#2666=DIRECTION('',(1.,0.,6.04901474817726E-16));
#2667=CARTESIAN_POINT('',(38.75,31.05,20.));
#2668=CARTESIAN_POINT('',(38.75,-31.05,20.));
#2669=VECTOR('',#2670,1.);
#2670=DIRECTION('',(0.,1.,0.));
#2671=AXIS2_PLACEMENT_3D('',#2672,#2673,#2674);
#2672=CARTESIAN_POINT('',(38.75,31.05,22.));
#2673=DIRECTION('',(0.,1.,0.));
#2674=DIRECTION('',(1.,0.,3.82856869892695E-16));
#2675=CARTESIAN_POINT('',(36.75,33.05,20.));
#2676=AXIS2_PLACEMENT_3D('',#2677,#2678,#2679);
#2677=CARTESIAN_POINT('',(36.75,31.05,20.));
#2678=DIRECTION('',(0.,0.,-1.));
#2679=DIRECTION('',(0.,1.,0.));
#2680=AXIS2_PLACEMENT_3D('',#2681,#2682,#2683);
#2681=CARTESIAN_POINT('',(36.75,33.05,22.));
#2682=DIRECTION('',(-1.,0.,0.));
#2683=DIRECTION('',(0.,1.,6.04901474817726E-16));
#2684=CARTESIAN_POINT('',(9.38403777073625,33.05,20.));
#2685=CARTESIAN_POINT('',(36.75,33.05,20.));
#2686=VECTOR('',#2687,1.);
#2687=DIRECTION('',(-1.,0.,0.));
#2688=AXIS2_PLACEMENT_3D('',#2689,#2690,#2691);
#2689=CARTESIAN_POINT('',(9.38403777073627,33.05,22.));
#2690=DIRECTION('',(-1.,3.03243080634727E-15,-1.25607396694704E-15));
#2691=DIRECTION('',(3.03243080634728E-15,1.,-1.06581410364014E-14));
#2692=CARTESIAN_POINT('',(-9.38403777073606,33.05,20.));
#2693=CARTESIAN_POINT('',(9.38403777073627,33.05,20.));
#2694=CARTESIAN_POINT('',(8.98475438482881,33.0632375018281,20.));
#2695=CARTESIAN_POINT('',(8.21804935295103,33.0873442534799,19.9980995022364));
#2696=CARTESIAN_POINT('',(7.06803800023221,33.1194090125566,19.9916751227507));
#2697=CARTESIAN_POINT('',(5.8803979659006,33.1481507768768,19.983020824743));
#2698=CARTESIAN_POINT('',(4.52515334024,33.1751886601646,19.9724041664394));
#2699=CARTESIAN_POINT('',(2.9708008682373,33.1979691919675,19.9615428193046));
#2700=CARTESIAN_POINT('',(1.27155857844436,33.2121300874987,19.9539241788951));
#2701=CARTESIAN_POINT('',(-0.480239974149893,33.2148555039019,19.9523864874927));
#2702=CARTESIAN_POINT('',(-2.24700808309965,33.2055107331592,19.9575674164477));
#2703=CARTESIAN_POINT('',(-4.02680483324044,33.1839923299336,19.9684954381617));
#2704=CARTESIAN_POINT('',(-5.81764379748162,33.1505125554559,19.9826051528474));
#2705=CARTESIAN_POINT('',(-7.60467565146987,33.1059776597796,19.9956539513048));
#2706=CARTESIAN_POINT('',(-8.79296887476113,33.0695957955356,20.));
#2707=CARTESIAN_POINT('',(-9.38403777073603,33.05,20.));
#2708=AXIS2_PLACEMENT_3D('',#2709,#2710,#2711);
#2709=CARTESIAN_POINT('',(-9.38403777073603,33.05,22.));
#2710=DIRECTION('',(-1.,-1.51621540317363E-15,6.28036983473513E-16));
#2711=DIRECTION('',(-1.51621540317364E-15,1.,-7.10542735760095E-15));
#2712=CARTESIAN_POINT('',(-36.75,33.05,20.));
#2713=AXIS2_PLACEMENT_3D('',#2714,#2715,#2716);
#2714=CARTESIAN_POINT('',(-36.75,33.05,22.));
#2715=DIRECTION('',(-1.,0.,0.));
#2716=DIRECTION('',(0.,1.,3.82856869892695E-16));
#2717=CARTESIAN_POINT('',(-9.38403777073603,33.05,20.));
#2718=VECTOR('',#2719,1.);
#2719=DIRECTION('',(-1.,0.,0.));
#2720=AXIS2_PLACEMENT_3D('',#2721,#2722,#2723);
#2721=CARTESIAN_POINT('',(-36.75,31.05,20.));
#2722=DIRECTION('',(0.,0.,-1.));
#2723=DIRECTION('',(-1.,3.55271367880051E-15,0.));
#2724=AXIS2_PLACEMENT_3D('',#2725,#2726,#2727);
#2725=CARTESIAN_POINT('',(1.24187419110035E-13,-1.27897692436818E-13,20.));
#2726=DIRECTION('',(0.,0.,1.));
#2727=DIRECTION('',(0.273137930811011,-0.961974880520422,0.));
#2728=CARTESIAN_POINT('',(-34.3564064605512,6.33744723355356E-15,20.));
#2729=AXIS2_PLACEMENT_3D('',#2730,#2731,#2732);
#2730=CARTESIAN_POINT('',(1.24187419110035E-13,-1.27897692436818E-13,20.));
#2731=DIRECTION('',(0.,0.,1.));
#2732=DIRECTION('',(-0.273137930810985,0.961974880520429,0.));
#2733=AXIS2_PLACEMENT_3D('',#2734,#2735,#2736);
#2734=CARTESIAN_POINT('',(1.24187419110035E-13,-1.27897692436818E-13,20.));
#2735=DIRECTION('',(0.,0.,1.));
#2736=DIRECTION('',(-1.,3.89722296364027E-15,0.));
#2737=CARTESIAN_POINT('',(6.7674115265623E-15,17.5,20.));
#2738=AXIS2_PLACEMENT_3D('',#2739,#2740,#2741);
#2739=CARTESIAN_POINT('',(3.5527136788005E-15,-2.17540971751503E-31,20.));
#2740=DIRECTION('',(0.,0.,1.));
#2741=DIRECTION('',(6.12323399573677E-17,1.,0.));
#2742=CARTESIAN_POINT('',(-20.5,5.02105187650416E-15,8.00000000000004));
#2743=AXIS2_PLACEMENT_3D('',#2744,#2745,#2746);
#2744=CARTESIAN_POINT('',(0.,0.,8.));
#2745=DIRECTION('',(0.,0.,1.));
#2746=DIRECTION('',(-1.,1.22464679914735E-16,0.));
#2747=CARTESIAN_POINT('',(6.7674115265623E-15,17.5,0.));
#2748=AXIS2_PLACEMENT_3D('',#2749,#2750,#2751);
#2749=CARTESIAN_POINT('',(3.5527136788005E-15,-2.17540971751503E-31,0.));
#2750=DIRECTION('',(0.,0.,1.));
#2751=DIRECTION('',(6.12323399573677E-17,1.,0.));
#2752=CARTESIAN_POINT('',(23.,4.82182538049646,5.));
#2753=CARTESIAN_POINT('',(4.82182538049649,23.,5.));
#2754=AXIS2_PLACEMENT_3D('',#2755,#2756,#2757);
#2755=CARTESIAN_POINT('',(0.,0.,5.));
#2756=DIRECTION('',(0.,0.,1.));
#2757=DIRECTION('',(0.978723404255319,0.20518405874453,0.));
#2758=CARTESIAN_POINT('',(-4.82182538049648,23.,5.));
#2759=CARTESIAN_POINT('',(4.82182538049648,23.,5.));
#2760=CARTESIAN_POINT('',(4.40200805530141,23.0343004506325,5.));
#2761=CARTESIAN_POINT('',(3.61429789964932,23.0907852229597,5.00253844199621));
#2762=CARTESIAN_POINT('',(2.49571272987902,23.148936257035,5.00819553055473));
#2763=CARTESIAN_POINT('',(1.46276246963405,23.1842092085833,5.01272369716812));
#2764=CARTESIAN_POINT('',(0.453809187721406,23.2012377197798,5.01521947095294));
#2765=CARTESIAN_POINT('',(-0.570392532839163,23.2002538113128,5.01506911589875));
#2766=CARTESIAN_POINT('',(-1.6436116543121,23.1798995918794,5.01211565375033));
#2767=CARTESIAN_POINT('',(-2.73216936880517,23.1386610314266,5.00697941020801));
#2768=CARTESIAN_POINT('',(-3.80640205805774,23.0775922380447,5.00174612958902));
#2769=CARTESIAN_POINT('',(-4.49357085666267,23.0268194698359,5.));
#2770=CARTESIAN_POINT('',(-4.82182538049649,23.,5.));
#2771=CARTESIAN_POINT('',(-23.,4.82182538049649,5.));
#2772=AXIS2_PLACEMENT_3D('',#2773,#2774,#2775);
#2773=CARTESIAN_POINT('',(0.,0.,5.));
#2774=DIRECTION('',(0.,0.,1.));
#2775=DIRECTION('',(-0.20518405874453,0.978723404255319,0.));
#2776=CARTESIAN_POINT('',(-23.2,6.70537762603517E-15,5.01503768868014));
#2777=CARTESIAN_POINT('',(-23.,4.82182538049648,5.));
#2778=CARTESIAN_POINT('',(-23.0345634181704,4.39878948743083,5.));
#2779=CARTESIAN_POINT('',(-23.0918458633143,3.5991001124634,5.00259586023348));
#2780=CARTESIAN_POINT('',(-23.151740436727,2.43845123229382,5.00849222443999));
#2781=CARTESIAN_POINT('',(-23.1847200610318,1.43161516239152,5.01281583631023));
#2782=CARTESIAN_POINT('',(-23.1979214839358,0.625152563315675,5.01472969973463));
#2783=CARTESIAN_POINT('',(-23.2,0.177010280016886,5.01503768868014));
#2784=CARTESIAN_POINT('',(-23.2,8.52354172206558E-15,5.01503768868014));
#2785=CARTESIAN_POINT('',(-23.,-4.82182538049648,5.));
#2786=CARTESIAN_POINT('',(-23.2,3.29691829392687E-15,5.01503768868014));
#2787=CARTESIAN_POINT('',(-23.2,-0.151817373199931,5.01503768868014));
#2788=CARTESIAN_POINT('',(-23.1988977672731,-0.428468097064041,5.0148743262718));
#2789=CARTESIAN_POINT('',(-23.1947022735062,-0.802678045106303,5.01426305504539));
#2790=CARTESIAN_POINT('',(-23.1890694486936,-1.13334149989765,5.01346247859207));
#2791=CARTESIAN_POINT('',(-23.182061782454,-1.44615325350111,5.01249590342833));
#2792=CARTESIAN_POINT('',(-23.1727361101471,-1.77947908602992,5.01126287400029));
#2793=CARTESIAN_POINT('',(-23.160409900474,-2.14387392375024,5.00972312846656));
#2794=CARTESIAN_POINT('',(-23.1418688531644,-2.60224092793393,5.0075926253166));
#2795=CARTESIAN_POINT('',(-23.1123716873205,-3.20274429983384,5.00466056638781));
#2796=CARTESIAN_POINT('',(-23.0660781942966,-3.96446095217744,5.00129261054783));
#2797=CARTESIAN_POINT('',(-23.0243697561403,-4.52355391030294,5.));
#2798=CARTESIAN_POINT('',(-23.,-4.82182538049648,5.));
#2799=CARTESIAN_POINT('',(-4.82182538049648,-23.,5.));
#2800=AXIS2_PLACEMENT_3D('',#2801,#2802,#2803);
#2801=CARTESIAN_POINT('',(0.,0.,5.));
#2802=DIRECTION('',(0.,0.,1.));
#2803=DIRECTION('',(-0.978723404255319,-0.205184058744531,0.));
#2804=CARTESIAN_POINT('',(4.82182538049648,-23.,5.));
#2805=CARTESIAN_POINT('',(-4.82182538049648,-23.,5.));
#2806=CARTESIAN_POINT('',(-4.40200805530653,-23.0343004506321,5.));
#2807=CARTESIAN_POINT('',(-3.6142978996629,-23.0907852229588,5.00253844199615));
#2808=CARTESIAN_POINT('',(-2.49571272990102,-23.148936257034,5.00819553055462));
#2809=CARTESIAN_POINT('',(-1.46276246965949,-23.1842092085826,5.01272369716803));
#2810=CARTESIAN_POINT('',(-0.453809187747533,-23.2012377197796,5.01521947095291));
#2811=CARTESIAN_POINT('',(0.570392532812185,-23.2002538113131,5.01506911589878));
#2812=CARTESIAN_POINT('',(1.64361165428387,-23.1798995918802,5.01211565375044));
#2813=CARTESIAN_POINT('',(2.73216936878011,-23.1386610314278,5.00697941020814));
#2814=CARTESIAN_POINT('',(3.80640205804198,-23.0775922380458,5.00174612958908));
#2815=CARTESIAN_POINT('',(4.49357085665673,-23.0268194698364,5.));
#2816=CARTESIAN_POINT('',(4.82182538049648,-23.,5.));
#2817=CARTESIAN_POINT('',(23.,-4.82182538049649,5.));
#2818=AXIS2_PLACEMENT_3D('',#2819,#2820,#2821);
#2819=CARTESIAN_POINT('',(0.,0.,5.));
#2820=DIRECTION('',(0.,0.,1.));
#2821=DIRECTION('',(0.205184058744531,-0.978723404255319,0.));
#2822=CARTESIAN_POINT('',(23.,-4.8218253804965,5.));
#2823=CARTESIAN_POINT('',(23.0343004506316,-4.40200805531235,5.));
#2824=CARTESIAN_POINT('',(23.0907852229578,-3.61429789967795,5.00253844199609));
#2825=CARTESIAN_POINT('',(23.1489362570329,-2.49571272992601,5.00819553055449));
#2826=CARTESIAN_POINT('',(23.1842092085819,-1.46276246968886,5.01272369716792));
#2827=CARTESIAN_POINT('',(23.2012377197794,-0.453809187777797,5.01521947095288));
#2828=CARTESIAN_POINT('',(23.2002538113134,0.57039253278099,5.01506911589883));
#2829=CARTESIAN_POINT('',(23.179899591881,1.64361165425447,5.01211565375056));
#2830=CARTESIAN_POINT('',(23.138661031429,2.73216936875589,5.00697941020827));
#2831=CARTESIAN_POINT('',(23.0775922380467,3.80640205802858,5.00174612958912));
#2832=CARTESIAN_POINT('',(23.0268194698368,4.49357085665172,5.));
#2833=CARTESIAN_POINT('',(23.,4.82182538049647,5.));
#2834=CARTESIAN_POINT('',(21.,-25.,-2.96059473233375E-16));
#2835=CARTESIAN_POINT('',(25.,-21.,-2.96059473233375E-16));
#2836=AXIS2_PLACEMENT_3D('',#2837,#2838,#2839);
#2837=CARTESIAN_POINT('',(21.,-21.,0.));
#2838=DIRECTION('',(0.,0.,-1.));
#2839=DIRECTION('',(1.,0.,0.));
#2840=CARTESIAN_POINT('',(-21.,-25.,-2.96059473233375E-16));
#2841=CARTESIAN_POINT('',(-21.,-25.,0.));
#2842=VECTOR('',#2843,1.);
#2843=DIRECTION('',(1.,-1.69176841847643E-16,0.));
#2844=CARTESIAN_POINT('',(-25.,-21.,-2.96059473233375E-16));
#2845=AXIS2_PLACEMENT_3D('',#2846,#2847,#2848);
#2846=CARTESIAN_POINT('',(-21.,-21.,0.));
#2847=DIRECTION('',(0.,0.,-1.));
#2848=DIRECTION('',(0.,-1.,0.));
#2849=CARTESIAN_POINT('',(-25.,21.,-2.96059473233375E-16));
#2850=CARTESIAN_POINT('',(-25.,21.,0.));
#2851=VECTOR('',#2852,1.);
#2852=DIRECTION('',(-1.69176841847643E-16,-1.,0.));
#2853=CARTESIAN_POINT('',(-21.,25.,-2.96059473233375E-16));
#2854=AXIS2_PLACEMENT_3D('',#2855,#2856,#2857);
#2855=CARTESIAN_POINT('',(-21.,21.,0.));
#2856=DIRECTION('',(0.,0.,-1.));
#2857=DIRECTION('',(-1.,0.,0.));
#2858=CARTESIAN_POINT('',(21.,25.,-2.96059473233375E-16));
#2859=CARTESIAN_POINT('',(21.,25.,0.));
#2860=VECTOR('',#2861,1.);
#2861=DIRECTION('',(-1.,1.69176841847643E-16,0.));
#2862=CARTESIAN_POINT('',(25.,21.,-2.96059473233375E-16));
#2863=AXIS2_PLACEMENT_3D('',#2864,#2865,#2866);
#2864=CARTESIAN_POINT('',(21.,21.,0.));
#2865=DIRECTION('',(0.,0.,-1.));
#2866=DIRECTION('',(8.88178419700128E-16,1.,0.));
#2867=CARTESIAN_POINT('',(25.,-21.,0.));
#2868=VECTOR('',#2869,1.);
#2869=DIRECTION('',(3.38353683695286E-16,1.,0.));
#2870=CARTESIAN_POINT('',(-22.1,-20.,0.));
#2871=AXIS2_PLACEMENT_3D('',#2872,#2873,#2874);
#2872=CARTESIAN_POINT('',(-20.,-20.,0.));
#2873=DIRECTION('',(0.,0.,1.));
#2874=DIRECTION('',(-1.,1.22464679914735E-16,0.));
#2875=CARTESIAN_POINT('',(-22.1,20.,0.));
#2876=AXIS2_PLACEMENT_3D('',#2877,#2878,#2879);
#2877=CARTESIAN_POINT('',(-20.,20.,0.));
#2878=DIRECTION('',(0.,0.,1.));
#2879=DIRECTION('',(-1.,1.22464679914735E-16,0.));
#2880=CARTESIAN_POINT('',(17.9,-20.,0.));
#2881=AXIS2_PLACEMENT_3D('',#2882,#2883,#2884);
#2882=CARTESIAN_POINT('',(20.,-20.,0.));
#2883=DIRECTION('',(0.,0.,1.));
#2884=DIRECTION('',(-1.,1.22464679914735E-16,0.));
#2885=CARTESIAN_POINT('',(17.9,20.,0.));
#2886=AXIS2_PLACEMENT_3D('',#2887,#2888,#2889);
#2887=CARTESIAN_POINT('',(20.,20.,0.));
#2888=DIRECTION('',(0.,0.,1.));
#2889=DIRECTION('',(-1.,1.22464679914735E-16,0.));
#2890=CARTESIAN_POINT('',(4.82182538049649,25.,3.));
#2891=CARTESIAN_POINT('',(-4.82182538049648,25.,3.));
#2892=CARTESIAN_POINT('',(4.82182538049649,25.,3.));
#2893=CARTESIAN_POINT('',(4.44378159383145,25.,3.));
#2894=CARTESIAN_POINT('',(3.72523872399119,25.,3.0033936796858));
#2895=CARTESIAN_POINT('',(2.71009242444203,25.,3.01168784042789));
#2896=CARTESIAN_POINT('',(1.76646854788967,25.,3.01907763124119));
#2897=CARTESIAN_POINT('',(0.862518123365947,25.,3.02401711083295));
#2898=CARTESIAN_POINT('',(-0.0447019288497188,25.,3.02566322857139));
#2899=CARTESIAN_POINT('',(-0.950427332621141,25.,3.02366845204793));
#2900=CARTESIAN_POINT('',(-1.85690812963189,25.,3.0184428962106));
#2901=CARTESIAN_POINT('',(-2.77709354921588,25.,3.01110739476903));
#2902=CARTESIAN_POINT('',(-3.62115532576771,25.,3.00432617663111));
#2903=CARTESIAN_POINT('',(-4.30769394955277,25.,3.00067072891363));
#2904=CARTESIAN_POINT('',(-4.67857186215787,25.,3.00000000000008));
#2905=CARTESIAN_POINT('',(-4.82182538049648,25.,3.00000000000009));
#2906=AXIS2_PLACEMENT_3D('',#2907,#2908,#2909);
#2907=CARTESIAN_POINT('',(-4.82182538049648,23.,3.));
#2908=DIRECTION('',(1.,-2.53446454098706E-15,1.4623383476635E-15));
#2909=DIRECTION('',(2.53446454098706E-15,1.,-1.33226762955019E-15));
#2910=AXIS2_PLACEMENT_3D('',#2911,#2912,#2913);
#2911=CARTESIAN_POINT('',(4.82182538049648,23.,3.));
#2912=DIRECTION('',(1.,-2.53446454098707E-15,1.46233834766349E-15));
#2913=DIRECTION('',(2.53446454098708E-15,1.,-1.77635683940025E-15));
#2914=CARTESIAN_POINT('',(-23.,21.,5.));
#2915=CARTESIAN_POINT('',(-21.,23.,5.));
#2916=AXIS2_PLACEMENT_3D('',#2917,#2918,#2919);
#2917=CARTESIAN_POINT('',(-21.,21.,5.));
#2918=DIRECTION('',(0.,0.,1.));
#2919=DIRECTION('',(-1.77635683940025E-15,1.,0.));
#2920=CARTESIAN_POINT('',(-23.,21.,5.));
#2921=VECTOR('',#2922,1.);
#2922=DIRECTION('',(-2.1959916754252E-16,-1.,0.));
#2923=CARTESIAN_POINT('',(-4.82182538049648,23.,5.));
#2924=VECTOR('',#2925,1.);
#2925=DIRECTION('',(-1.,2.1959916754252E-16,0.));
#2926=CARTESIAN_POINT('',(-22.1,20.,5.));
#2927=AXIS2_PLACEMENT_3D('',#2928,#2929,#2930);
#2928=CARTESIAN_POINT('',(-20.,20.,5.));
#2929=DIRECTION('',(0.,0.,1.));
#2930=DIRECTION('',(-1.,1.22464679914735E-16,0.));
#2931=CARTESIAN_POINT('',(-25.,4.82182538049649,3.));
#2932=CARTESIAN_POINT('',(-25.,-4.82182538049648,3.));
#2933=CARTESIAN_POINT('',(-25.,4.82182538049649,3.));
#2934=CARTESIAN_POINT('',(-25.,4.44572433914796,3.00013479299197));
#2935=CARTESIAN_POINT('',(-25.,3.69079269380156,3.00348649215734));
#2936=CARTESIAN_POINT('',(-25.,2.5619594876086,3.01298214430954));
#2937=CARTESIAN_POINT('',(-25.,1.43033557609268,3.0214983646277));
#2938=CARTESIAN_POINT('',(-25.,0.57736133498865,3.02474489306034));
#2939=CARTESIAN_POINT('',(-25.,0.099737555400338,3.02506757745318));
#2940=CARTESIAN_POINT('',(-25.,7.105427357601E-15,3.0250628144669));
#2941=CARTESIAN_POINT('',(-25.,-0.333899216634682,3.02518006882595));
#2942=CARTESIAN_POINT('',(-25.,-1.12680726994202,3.02321913341071));
#2943=CARTESIAN_POINT('',(-25.,-2.29128215611282,3.01528373676398));
#2944=CARTESIAN_POINT('',(-25.,-3.38154957087236,3.00601432336919));
#2945=CARTESIAN_POINT('',(-25.,-4.19696754218372,3.00102228073235));
#2946=CARTESIAN_POINT('',(-25.,-4.63558547001723,3.0000133570658));
#2947=CARTESIAN_POINT('',(-25.,-4.82182538049648,3.));
#2948=AXIS2_PLACEMENT_3D('',#2949,#2950,#2951);
#2949=CARTESIAN_POINT('',(-23.,-4.82182538049648,3.));
#2950=DIRECTION('',(1.77635683940025E-15,1.,1.77635683940025E-15));
#2951=DIRECTION('',(-1.,1.77635683940025E-15,-1.33226762955019E-15));
#2952=AXIS2_PLACEMENT_3D('',#2953,#2954,#2955);
#2953=CARTESIAN_POINT('',(-23.,4.82182538049648,3.));
#2954=DIRECTION('',(2.53446454098707E-15,1.,1.4623383476635E-15));
#2955=DIRECTION('',(-1.,2.53446454098707E-15,-8.88178419700125E-16));
#2956=CARTESIAN_POINT('',(-21.,-23.,5.));
#2957=CARTESIAN_POINT('',(-23.,-21.,5.));
#2958=AXIS2_PLACEMENT_3D('',#2959,#2960,#2961);
#2959=CARTESIAN_POINT('',(-21.,-21.,5.));
#2960=DIRECTION('',(0.,0.,1.));
#2961=DIRECTION('',(-1.,0.,0.));
#2962=CARTESIAN_POINT('',(-21.,-23.,5.));
#2963=VECTOR('',#2964,1.);
#2964=DIRECTION('',(1.,0.,0.));
#2965=CARTESIAN_POINT('',(-23.,-4.82182538049648,5.));
#2966=VECTOR('',#2967,1.);
#2967=DIRECTION('',(-2.1959916754252E-16,-1.,0.));
#2968=CARTESIAN_POINT('',(-22.1,-20.,5.));
#2969=AXIS2_PLACEMENT_3D('',#2970,#2971,#2972);
#2970=CARTESIAN_POINT('',(-20.,-20.,5.));
#2971=DIRECTION('',(0.,0.,1.));
#2972=DIRECTION('',(-1.,1.22464679914735E-16,0.));
#2973=CARTESIAN_POINT('',(-4.82182538049648,-25.,3.));
#2974=CARTESIAN_POINT('',(4.82182538049648,-25.,3.));
#2975=CARTESIAN_POINT('',(-4.82182538049648,-25.,3.));
#2976=CARTESIAN_POINT('',(-4.44378159383286,-25.,3.00000000000004));
#2977=CARTESIAN_POINT('',(-3.72523872399422,-25.,3.0033936796859));
#2978=CARTESIAN_POINT('',(-2.71009242444692,-25.,3.01168784042808));
#2979=CARTESIAN_POINT('',(-1.76646854789462,-25.,3.01907763124148));
#2980=CARTESIAN_POINT('',(-0.862518123371062,-25.,3.02401711083335));
#2981=CARTESIAN_POINT('',(0.0447019288447406,-25.,3.02566322857191));
#2982=CARTESIAN_POINT('',(0.950427332615957,-25.,3.02366845204856));
#2983=CARTESIAN_POINT('',(1.85690812962655,-25.,3.01844289621135));
#2984=CARTESIAN_POINT('',(2.7770935492079,-25.,3.0111073947699));
#2985=CARTESIAN_POINT('',(3.62115532575738,-25.,3.00432617663209));
#2986=CARTESIAN_POINT('',(4.30769394954437,-25.,3.00067072891463));
#2987=CARTESIAN_POINT('',(4.67857186215385,-25.,3.00000000000109));
#2988=CARTESIAN_POINT('',(4.82182538049647,-25.,3.00000000000111));
#2989=AXIS2_PLACEMENT_3D('',#2990,#2991,#2992);
#2990=CARTESIAN_POINT('',(4.82182538049648,-23.,3.));
#2991=DIRECTION('',(-1.,7.58107701586817E-16,-3.14018491736754E-16));
#2992=DIRECTION('',(-7.58107701586817E-16,-1.,-1.33226762955019E-15));
#2993=AXIS2_PLACEMENT_3D('',#2994,#2995,#2996);
#2994=CARTESIAN_POINT('',(-4.82182538049648,-23.,3.));
#2995=DIRECTION('',(-1.,1.20219691143688E-15,1.30070718113307E-16));
#2996=DIRECTION('',(-1.20219691143688E-15,-1.,-1.77635683940025E-15));
#2997=CARTESIAN_POINT('',(23.,-21.,5.));
#2998=CARTESIAN_POINT('',(21.,-23.,5.));
#2999=AXIS2_PLACEMENT_3D('',#3000,#3001,#3002);
#3000=CARTESIAN_POINT('',(21.,-21.,5.));
#3001=DIRECTION('',(0.,0.,1.));
#3002=DIRECTION('',(0.,-1.,0.));
#3003=CARTESIAN_POINT('',(23.,-21.,5.));
#3004=VECTOR('',#3005,1.);
#3005=DIRECTION('',(4.39198335085041E-16,1.,0.));
#3006=CARTESIAN_POINT('',(4.82182538049648,-23.,5.));
#3007=VECTOR('',#3008,1.);
#3008=DIRECTION('',(1.,-2.1959916754252E-16,0.));
#3009=CARTESIAN_POINT('',(17.9,-20.,5.));
#3010=AXIS2_PLACEMENT_3D('',#3011,#3012,#3013);
#3011=CARTESIAN_POINT('',(20.,-20.,5.));
#3012=DIRECTION('',(0.,0.,1.));
#3013=DIRECTION('',(-1.,1.22464679914735E-16,0.));
#3014=CARTESIAN_POINT('',(25.,-4.82182538049649,3.));
#3015=CARTESIAN_POINT('',(25.,4.82182538049646,3.));
#3016=CARTESIAN_POINT('',(25.,-4.8218253804965,3.));
#3017=CARTESIAN_POINT('',(25.,-4.44378159383207,3.));
#3018=CARTESIAN_POINT('',(25.,-3.72523872399221,3.00339367968579));
#3019=CARTESIAN_POINT('',(25.,-2.71009242444376,3.01168784042788));
#3020=CARTESIAN_POINT('',(25.,-1.76646854789095,3.01907763124118));
#3021=CARTESIAN_POINT('',(25.,-0.86251812336724,3.02401711083295));
#3022=CARTESIAN_POINT('',(25.,0.0447019288488679,3.0256632285714));
#3023=CARTESIAN_POINT('',(25.,0.950427332620317,3.02366845204794));
#3024=CARTESIAN_POINT('',(25.,1.85690812963091,3.01844289621061));
#3025=CARTESIAN_POINT('',(25.,2.77709354921214,3.01110739476907));
#3026=CARTESIAN_POINT('',(25.,3.62115532576089,3.00432617663117));
#3027=CARTESIAN_POINT('',(25.,4.30769394954653,3.00067072891366));
#3028=CARTESIAN_POINT('',(25.,4.67857186215465,3.00000000000009));
#3029=CARTESIAN_POINT('',(25.,4.82182538049646,3.0000000000001));
#3030=AXIS2_PLACEMENT_3D('',#3031,#3032,#3033);
#3031=CARTESIAN_POINT('',(23.,4.82182538049646,3.00000000000001));
#3032=DIRECTION('',(9.42055475210261E-16,-1.,2.27432310476045E-15));
#3033=DIRECTION('',(1.,9.42055475210254E-16,-2.88657986402541E-15));
#3034=AXIS2_PLACEMENT_3D('',#3035,#3036,#3037);
#3035=CARTESIAN_POINT('',(23.,-4.8218253804965,3.));
#3036=DIRECTION('',(4.44089209850061E-16,-1.,-4.44089209850063E-16));
#3037=DIRECTION('',(1.,4.44089209850062E-16,-1.33226762955019E-15));
#3038=CARTESIAN_POINT('',(21.,23.,5.));
#3039=CARTESIAN_POINT('',(23.,21.,5.));
#3040=AXIS2_PLACEMENT_3D('',#3041,#3042,#3043);
#3041=CARTESIAN_POINT('',(21.,21.,5.));
#3042=DIRECTION('',(0.,0.,1.));
#3043=DIRECTION('',(1.,3.55271367880051E-15,0.));
#3044=CARTESIAN_POINT('',(21.,23.,5.));
#3045=VECTOR('',#3046,1.);
#3046=DIRECTION('',(-1.,2.1959916754252E-16,0.));
#3047=CARTESIAN_POINT('',(23.,4.82182538049646,5.));
#3048=VECTOR('',#3049,1.);
#3049=DIRECTION('',(2.1959916754252E-16,1.,0.));
#3050=CARTESIAN_POINT('',(17.9,20.,5.));
#3051=AXIS2_PLACEMENT_3D('',#3052,#3053,#3054);
#3052=CARTESIAN_POINT('',(20.,20.,5.));
#3053=DIRECTION('',(0.,0.,1.));
#3054=DIRECTION('',(-1.,1.22464679914735E-16,0.));
#3055=CARTESIAN_POINT('',(21.,-25.,3.));
#3056=CARTESIAN_POINT('',(21.,-25.,-8.88178419700125E-16));
#3057=VECTOR('',#3058,1.);
#3058=DIRECTION('',(0.,0.,1.));
#3059=CARTESIAN_POINT('',(25.,-21.,3.));
#3060=CARTESIAN_POINT('',(25.,-21.,-8.88178419700125E-16));
#3061=VECTOR('',#3062,1.);
#3062=DIRECTION('',(0.,0.,1.));
#3063=AXIS2_PLACEMENT_3D('',#3064,#3065,#3066);
#3064=CARTESIAN_POINT('',(21.,-21.,3.));
#3065=DIRECTION('',(0.,0.,1.));
#3066=DIRECTION('',(6.12323399573677E-17,-1.,0.));
#3067=CARTESIAN_POINT('',(4.82182538049648,-25.,3.));
#3068=VECTOR('',#3069,1.);
#3069=DIRECTION('',(1.,-2.1959916754252E-16,0.));
#3070=CARTESIAN_POINT('',(-21.,-25.,3.));
#3071=CARTESIAN_POINT('',(-21.,-25.,3.));
#3072=VECTOR('',#3073,1.);
#3073=DIRECTION('',(1.,0.,0.));
#3074=CARTESIAN_POINT('',(-21.,-25.,-8.88178419700125E-16));
#3075=VECTOR('',#3076,1.);
#3076=DIRECTION('',(0.,0.,1.));
#3077=CARTESIAN_POINT('',(-25.,-21.,3.));
#3078=CARTESIAN_POINT('',(-25.,-21.,-8.88178419700125E-16));
#3079=VECTOR('',#3080,1.);
#3080=DIRECTION('',(0.,0.,1.));
#3081=AXIS2_PLACEMENT_3D('',#3082,#3083,#3084);
#3082=CARTESIAN_POINT('',(-21.,-21.,3.));
#3083=DIRECTION('',(0.,0.,1.));
#3084=DIRECTION('',(-1.,-6.12323399573677E-17,0.));
#3085=CARTESIAN_POINT('',(-25.,-4.82182538049648,3.));
#3086=VECTOR('',#3087,1.);
#3087=DIRECTION('',(-2.1959916754252E-16,-1.,0.));
#3088=CARTESIAN_POINT('',(-25.,21.,3.));
#3089=CARTESIAN_POINT('',(-25.,21.,3.));
#3090=VECTOR('',#3091,1.);
#3091=DIRECTION('',(-2.1959916754252E-16,-1.,0.));
#3092=CARTESIAN_POINT('',(-25.,21.,-8.88178419700125E-16));
#3093=VECTOR('',#3094,1.);
#3094=DIRECTION('',(0.,0.,1.));
#3095=CARTESIAN_POINT('',(-21.,25.,3.));
#3096=CARTESIAN_POINT('',(-21.,25.,-8.88178419700125E-16));
#3097=VECTOR('',#3098,1.);
#3098=DIRECTION('',(0.,0.,1.));
#3099=AXIS2_PLACEMENT_3D('',#3100,#3101,#3102);
#3100=CARTESIAN_POINT('',(-21.,21.,3.));
#3101=DIRECTION('',(0.,0.,1.));
#3102=DIRECTION('',(-6.12323399573677E-17,1.,0.));
#3103=CARTESIAN_POINT('',(-4.82182538049648,25.,3.));
#3104=VECTOR('',#3105,1.);
#3105=DIRECTION('',(-1.,2.1959916754252E-16,0.));
#3106=CARTESIAN_POINT('',(21.,25.,3.));
#3107=CARTESIAN_POINT('',(21.,25.,3.));
#3108=VECTOR('',#3109,1.);
#3109=DIRECTION('',(-1.,2.1959916754252E-16,0.));
#3110=CARTESIAN_POINT('',(21.,25.,-8.88178419700125E-16));
#3111=VECTOR('',#3112,1.);
#3112=DIRECTION('',(0.,0.,1.));
#3113=CARTESIAN_POINT('',(25.,21.,3.));
#3114=CARTESIAN_POINT('',(25.,21.,-8.88178419700125E-16));
#3115=VECTOR('',#3116,1.);
#3116=DIRECTION('',(0.,0.,1.));
#3117=AXIS2_PLACEMENT_3D('',#3118,#3119,#3120);
#3118=CARTESIAN_POINT('',(21.,21.,3.));
#3119=DIRECTION('',(0.,0.,1.));
#3120=DIRECTION('',(1.,-1.60812264967664E-16,0.));
#3121=CARTESIAN_POINT('',(25.,4.82182538049646,3.));
#3122=VECTOR('',#3123,1.);
#3123=DIRECTION('',(2.1959916754252E-16,1.,0.));
#3124=CARTESIAN_POINT('',(25.,-21.,3.));
#3125=VECTOR('',#3126,1.);
#3126=DIRECTION('',(2.1959916754252E-16,1.,0.));
#3127=AXIS2_PLACEMENT_3D('',#3128,#3129,#3130);
#3128=CARTESIAN_POINT('',(-21.,23.,3.));
#3129=DIRECTION('',(1.,-1.07657990266682E-16,0.));
#3130=DIRECTION('',(1.07657990266682E-16,1.,-1.60812264967664E-16));
#3131=AXIS2_PLACEMENT_3D('',#3132,#3133,#3134);
#3132=CARTESIAN_POINT('',(21.,23.,3.));
#3133=DIRECTION('',(1.,-1.07657990266682E-16,0.));
#3134=DIRECTION('',(1.07657990266682E-16,1.,-1.60812264967664E-16));
#3135=AXIS2_PLACEMENT_3D('',#3136,#3137,#3138);
#3136=CARTESIAN_POINT('',(-23.,21.,3.));
#3137=DIRECTION('',(1.07657990266682E-16,1.,0.));
#3138=DIRECTION('',(-1.,1.07657990266682E-16,-1.60812264967664E-16));
#3139=AXIS2_PLACEMENT_3D('',#3140,#3141,#3142);
#3140=CARTESIAN_POINT('',(-23.,-21.,3.));
#3141=DIRECTION('',(1.07657990266682E-16,1.,0.));
#3142=DIRECTION('',(-1.,1.07657990266682E-16,-1.60812264967664E-16));
#3143=AXIS2_PLACEMENT_3D('',#3144,#3145,#3146);
#3144=CARTESIAN_POINT('',(-21.,-23.,3.));
#3145=DIRECTION('',(-1.,5.38289951333409E-17,1.02942035946727E-47));
#3146=DIRECTION('',(-5.38289951333409E-17,-1.,-1.60812264967664E-16));
#3147=AXIS2_PLACEMENT_3D('',#3148,#3149,#3150);
#3148=CARTESIAN_POINT('',(21.,-23.,3.));
#3149=DIRECTION('',(-1.,5.38289951333409E-17,1.02942035946727E-47));
#3150=DIRECTION('',(-5.38289951333409E-17,-1.,-1.60812264967664E-16));
#3151=AXIS2_PLACEMENT_3D('',#3152,#3153,#3154);
#3152=CARTESIAN_POINT('',(23.,-21.,3.));
#3153=DIRECTION('',(-3.22973970800046E-16,-1.,0.));
#3154=DIRECTION('',(1.,-3.22973970800046E-16,-1.60812264967664E-16));
#3155=AXIS2_PLACEMENT_3D('',#3156,#3157,#3158);
#3156=CARTESIAN_POINT('',(23.,21.,3.));
#3157=DIRECTION('',(-3.22973970800046E-16,-1.,0.));
#3158=DIRECTION('',(1.,-3.22973970800046E-16,-1.60812264967664E-16));
ENDSEC;
END-ISO-10303-21;
